nr	latein	status	meine	quelle_text
1	et	wiktionary-ok	und; auch	:[1] und 
2	esse	wiktionary-ok	sein; existieren; vorhanden sein	:[1] Vollverb: sein, vorhanden sein, existieren :[2] Hilfsverb: sein 
3	quī	wiktionary-ok	welcher; der, die, das	:[1] der, die, das (welcher, -e, -es) :[2] dieser, -e, -es 
4	-que	georges-ok	und	[2146] que (altind. ca, griech. τέ), dem folgenden Worte angehängt, dient zur Anreihung an das Vorhergehende und daher häufig zur Erweiterung u. Vermehrung des vorausgehenden Begriffes, und, teque hortor, Cic.: ex quibusque rebus, Cic.: deque his rebus, Cic.: adque regem, Nep.: in foroque, Nep.: in reque, Cic.: nach mehreren Wörtern, Tibull. u. Verg.: bei Dichtern zuw. dem Worte vorstehend, dem es
5	in	wiktionary-ok	in; an; auf; nach; gegen	:[1] räumlich (Richtung): in, in … hinein, auf, nach, nach … hin :[2] räumlich (Richtung): hin … zu, nach, wärts :[3] Richtung: gegen :[4] zeitlich (Zeitgrenzen): in … hinein, bis, bis in, bis in … hinein :[5] zeitlich (Zeitdauer): auf, für :[6] Zweck: für, zu :[7] Art und Weise: wie, gemäß :[1] räumlich (Ort): in, auf, an, bei :[2] bei Kleidung, Waffen: in, mit, unter :[3] zeitlich (Verlauf): in,
6	nōn	wiktionary-ok	nicht	:[1] Negationspartikel: nicht :[2] Nein (als Antwort, Gegenteil zu „ja“) 
7	hic	wiktionary-ok	dieser; dieses; der hier	:[1] dieser, diese, dieses :[2] folgendes :[1] hier 
8	ille	wiktionary-ok	jener; der dort; der berühmte	:[1] jener, jene, jenes 
9	tū	wiktionary-ok	du	:[1] zweite Person im Singular; du 
10	cum	wiktionary-ok	mit; als; weil; obwohl	:[1] mit :[1] (temporal) als :[2] (iterativ) jedes Mal wenn :[3] (explicativum/coincedens) indem, dadurch dass :[4] (inversum) als auch schon; als plötzlich (oft Imperfekt im Hauptsatz und Perfekt im cum-Satz) :[1] (kausal) weil, da :[2] (temporal/historicum) als, während, nachdem :[3] (adversativ) während dagegen :[4] (konzessiv) obwohl, obgleich :[5] (konditional) wenn 
11	ego	wiktionary-ok	ich	:[1] Personalpronomen 1. Person Singular: ich 
12	is	wiktionary-ok	er, sie, es; dieser; der(jenige)	:[1] Demonstrativpronomen: dieser, diese, dieses; der, die, das :[2] Verwendung als Personalpronomen der 3. Person: er, sie, es :[3] nur Genitiv: Verwendung als nicht reflexives Possessivpronomen der 3. Person: sein, seine, sein, ihr, ihre, ihr 
13	ad	wiktionary-ok	zu; nach; an; bei; bis zu	* :[1] zur Bezeichnung der Richtung auf die Frage „wohin?“: zu, nach, an, nach … hin :[2] bei Angabe eines Endpunktes auf die Frage „bis wohin?“: bis zu, bis nach, bis an (oft: ab … (usque) ad … – von … bis (zu) …) :[3] auf die Frage „wo?“: an, (nahe) bei :[4] zur Bezeichnung der Person, unter deren Führung, Leitung, Anwesenheit, oder Ähnliches etwas geschieht: bei, vor jemandem :[5] übertragen: b
14	ut	wiktionary-ok	dass; damit; sodass; wie; als	:[1] damit :[2] dass :[3] wie 
15	sī	wiktionary-ok	wenn; falls	:[1] leitet einen Konditionalsatz (Bedingungssatz) ein ::(a) Indefinitus (indefiniter Fall), Haupt- und Nebensatz im Indikativ: wenn, falls ::(b) Potentialis (potentialer Fall), Haupt- und Nebensatz im Konjunktiv Präsens oder Perfekt: wenn, falls ::(c) Irrealis (irrealer Fall), Haupt- und Nebensatz im Konjunktiv Imperfekt oder Plusquamperfekt: wenn, falls :[2] leitet einen Wunschsatz ein, mit Konj
16	sē	wiktionary-ok	sich	:[1] Akkusativ des Reflexivpronomens sui, sibi, se: seiner; ihrer :[2] Ablativ des Reflexivpronomens sui, sibi, se: (mit / durch / …) sich 
17	omnis	wiktionary-teilweise	jeder; ganz; Pl.: alle	:[1] all, gesamt :[2] alle 
18	nec	georges-ok	und nicht; auch nicht; nicht einmal	[1119] nec u. neque , verbindende negative Partikeln, die von den besseren Schriftstellern mit dem Unterschiede gebraucht werden, daß in nec die negative Kraft, in neque aber die verbindende als vorwiegend erscheint. I) Wenn sie einfach stehen, dienen sie A) zur bloßen Anknüpfung eines negativ auszusprechenden Begriffes od. Gedankens, und nicht, auch nicht, quia non viderunt nec sciunt, Cic.: non 
19	sed	wiktionary-ok	aber; sondern	:[1] aber :[2] sondern :[3] wenn ein Gedanke abgebrochen, unterbrochen oder wieder aufgenommen wird: doch 
20	ab	wiktionary-ok	von; von … her; seit	*mit Ablativ: :[1] von, von … her, von … weg, von … herab :[2] von … aus, von … her :[3] in einer Entfernung von :[4] von … an, seit :[5] von, wegen :[6] in der Richtung von, in, bei 
21	ipse	wiktionary-ok	selbst; persönlich	:[1] selbst, persönlich 
22	posse	wiktionary-ok	können	:[1] können, vermögen, im Stande sein :[2] gelten, Einfluss/Fähigkeiten haben, etwas (viel, nichts, mehr, …) ausrichten 
23	aut	wiktionary-ok	oder	:[1] einen Unterschied anzeigend; oder :[2] einen Unterschied in aufsteigend Reihenfolge anzeigend; oder sogar, oder vielmehr :[3] einen Unterschied in absteigender Reihenfolge anzeigend; oder auch, oder doch, oder wenigstens 
24	māgnus	wiktionary-ok	groß; bedeutend	:[1] räumlich: groß, hoch, weit, lang :[2] von der Anzahl, Menge, Gewicht: viel, beträchtlich, zahlreich, erheblich, teuer :[3] übertragen: ::[a] alt ::[b] zeitlich: lang ::[c] von der Intensität: stark, heftig, gewaltig, laut :[4] bedeutend, wichtig :[5] übertragen: hochstehend, erhaben, mächtig :[6] übermäßig, übertrieben :[7] von der Gesinnung: ::[a] lobend: hochherzig, edel ::[b] tadelnd: hoch
25	ex	wiktionary-ok	aus; von … her; seit; infolge	*mit Ablativ: :[1] gibt eine Trennung an; aus :[2] gibt den Ursprung an; von, aus 
26	suus	wiktionary-ok	sein; ihr	:[1] reflexives Possessivpronomen der 3. Person Singular und Plural: sein, ihr 
27	dare	wiktionary-ok	geben	:[1] geben, reichen, überreichen :[2] etwas bieten, darbieten, veranstalten :[3] etwas geben, gewähren, erweisen :[4] etwas von sich geben, etwas verursachen, etwas bewirken :[5] sich einer Sache hingeben, widmen 
28	quam	wiktionary-ok	als; wie; möglichst	:[1] auf welche Weise, wie :[2] in welchem Grade, wie sehr, wie wenig :[3] in welchem Grad oder Ausmaß; wie :[4] möglichst :[5] gibt den Vergleichspunkt an; als 
29	per	wiktionary-ok	durch; über … hin; während	*mit Akkusativ: :[1] durch :[2] für jeden einzelnen; unter 
30	vidēre	wiktionary-ok	sehen; Passiv: scheinen	:[1] sehen :[2] passivisch: als etwas erscheinen, für etwas gehalten werden 
31	facere	wiktionary-ok	machen; tun; handeln	:[1] tun, machen, handeln 
32	dīcere	wiktionary-ok	sagen; sprechen; nennen	:[1] sagen, sprechen 
33	iam	wiktionary-ok	schon; bereits; jetzt	:[1] bereits, schon 
34	atque	wiktionary-ok	und; und auch	:[1] und auch, und dazu :[2] zur Hervorhebung des Folgenden: und sogar, und besonders :[3] erklärend: und zwar :[4] nach negativen Ausdrücken: sondern :[5] folgernd: und so, und daher :[6] bestätigend: und wirklich :[7] bei Vergleichen, nach Wörtern, die eine Gleichheit oder Ähnlichkeit ausdrücken [par, similis, idem, …]: wie :[8] bei Vergleichen, nach Wörtern, die eine Verschiedenheit ausdrücken 
35	ac	geprueft-gleich	und; und auch	[47] ac , Conjunct., s. at-que. Quelle: Karl Ernst Georges: Ausführliches lateinisch-deutsches Handwörterbuch. Hannover 8 1913 (Nachdruck Darmstadt 1998), Band 1, Sp. 47. Permalink: http://www.zeno.org/nid/20002186357 Lizenz: Gemeinfrei Faksimiles: 47 Kategorien: Wörterbuch ZenoServer 4.030.014 Nutzungsbedingungen Datenschutzerklärung Impressum [675] at-que u. ac (letzteres in der klass. Sprache n
36	alius	wiktionary-ok	ein anderer	:[1] anderer :[2] anderer, weiterer :[3] anderer, restlich :[4] anderer, zweiter :[1] ein anderer :[2] wiederholt: der eine … der andere 
37	rēs	wiktionary-ok	Sache; Ding; Angelegenheit; Lage	:[1] Sache, Gegenstand, Ding, Teil :[2] Besitz, Habe, Vermögen :[3] Gemeinwesen, Staatswesen, Staat Weitere, nichtklassische Bedeutungen: :[4] Welt, Natur, Weltlauf :[5] Umstände, Lage; Hinsicht, Beziehung :[6] Ursache, Grund :[7] Wesen / Natur der Dinge 
38	habēre	wiktionary-ok	haben; halten; halten für	:[1] ::[1a] haben, halten, führen, tragen ::[1b] festhalten, behalten, enthalten, abhalten, halten (z.&nbsp;B. eine Rede) ::[1c] (in irgendeiner Weise) behandeln ::[1d] (für etwas) halten, ansehen, betrachten, (im Passiv) gehalten werden, gelten als ::[1e] sich verhalten ::[1f] sich befinden :[2] ::[2a] besitzen, haben, halten ::[2b] innehaben, bewohnen, beherrschen ::[2c] Besitzungen / Vermögen h
39	animus	wiktionary-ok	Geist; Mut; Gesinnung; Herz	:[1] Herz, Geist, Seele :[2] Gemüt, Stimmung :[3] die Sinne, Empfindung :[4] Denk- und Handlungsweise, Gesinnung, der Sinn, Charakter, die Grundsätze :[5] Energie, Mut, Selbstvertrauen, Zuversicht :[6] Wille, Wunsch, Verlangen, Neigung, Lust :[7] die Gedanken, das Bewusstsein, die Besinnung :[8] Urteil, Überzeugung, Meinung :[9] das Gedächtnis :[10] Vergnügen, Lust :[11] oft Plural: Stolz, Hochmut
40	meus	wiktionary-ok	mein	:[1] Possessivpronomen 1. Person Singular: mein 
41	deus	wiktionary-ok	Gott	:[1] Gott, Gottheit 
42	multus	wiktionary-ok	viel; Pl.: viele	:[1] viel, zahlreich :[2] vieles 
43	tuus	wiktionary-ok	dein	:[1] Possessivpronomen 2. Person Singular: dein 
44	ferre	wiktionary-ok	tragen; bringen; ertragen; berichten	:[1] tragen :[2] bringen, darbringen :[3] herumtragen, verbreiten :[4] forttragen, wegführen, rauben :[5] jemanden in einen Zustand bringen; bereiten, bringen 
45	dē	wiktionary-ok	von; von … herab; über	:[1] von … weg, von … her, von … aus, von … ab 
46	nē	wiktionary-ok	damit nicht; dass nicht	:[1] nicht :[1] dass nicht, damit nicht 
47	manus	wiktionary-ok	Hand; Schar	:[1] Hand 
48	nūllus	wiktionary-ok	kein	:[1] kein, keine, keiner 
49	nunc	wiktionary-ok	jetzt; nun	:[1] zu diesem Zeitpunkt, zum jetzigen Zeitpunkt, in dem Moment; nun, jetzt 
50	nōs	wiktionary-ok	wir	:[1] Personalpronomen der 1. Person Plural; wir 
51	noster	wiktionary-ok	unser	:[1] Possessivpronomen 1. Person Plural: unser 
52	ūnus	georges-ok	ein; einer; einzig	[3309] ūnus (altlat. oenus), a, um, Genet. ūnīus, Dat. ūnī, (vgl. griech. οἰνός, οἰνή, die Eins auf dem Würfel, gotisch ains, ahd. ein), ein, eine, einer, ein (eines), I) eig.: A) im allg., als Zahlwort: unus de magistratibus, Cic.: mihi secundis rebus unus ex fortunatis hominibus, adversis unus ex summis viris videbatur, Cic.: unus ex Curiatiis, Liv. (u. so bei Livius oft unus ex, s. Fabri u. Wei
53	diēs	wiktionary-ok	Tag; Termin	:[1] Tag :[2] Termin :[3] Leben :[4] Tagesmarsch, Tagereise :[5] Tageslicht :[6] „Tag des Untergangs“, Todestag 
54	nihil	wiktionary-ok	nichts	:[1] nichts 
55	tum	wiktionary-ok	dann; damals; darauf	:[1] zur Angabe eines Zeitpunktes, der mit einem anderen Zeitpunkt beziehungsweise Ereignis zusammenfällt: dann, alsdann :[2] zur Angabe eines folgenden/späteren Zeitpunktes: dann, hierauf, darauf, sodann, anschließend 
56	enim	wiktionary-ok	denn; nämlich	:[1] nämlich :[2] denn :[3] in der Tat, sicherlich, jedenfalls 
57	tamen	unbelegt	dennoch; trotzdem	
58	īdem	wiktionary-ok	derselbe; der gleiche	:[1] derselbe, dieselbe, dasselbe 
59	rēx	wiktionary-ok	König	:[1] König, Fürst, Herrscher, Regent :[2] der König und seine Gemahlin, Königspaar, königliche Familie, Königshaus :[3] Leiter, Lenker, Oberhaupt, Führer, Patron :[4] unumschränkter Herrscher, Tyrann, Despot 
60	nam	wiktionary-ok	denn; nämlich	:[1] bei Erwiderung: ja, freilich :[2] in der Tat, tatsächlich, wirklich, allerdings :[1] denn, nämlich 
61	locus	wiktionary-ok	Ort; Platz; Stelle; Lage	:[1] der Ort, der Platz, die Stelle :[2] Körperteil :[3] Mutterleib 
62	venīre	wiktionary-ok	kommen	:[1] kommen :[1] Handel, intransitiv: verkauft werden 
63	inter	wiktionary-ok	zwischen; unter; während	:[1] zwischen, unter, inmitten :[2] zwischen, unter, während :[3] zwischen, unter 
64	pars	wiktionary-ok	Teil; Seite; Richtung	:[1] Teil, Stück (eines Ganzen) :[2] Anteil ::[a] mit Genitivus Partitivus: der (An-)Teil an/von etwas ::[b] ohne Objekt: ein Teil, einige :[3] Richtung, Seite :[4] Landesteil, Gebiet, Gegend, Landstrich :[5] meist Plural: Amt, Aufgabe, Pflicht, Obliegenheit; Rolle eines Schauspielers :[6] meist Plural: Partei :[7] Teilnehmer, Mitglied :[8] Abteilung, Unterabteilung, Art einer Gattung :[9] übertra
65	velle	wiktionary-ok	wollen	:[1] wollen, begehren, wünschen 
66	etiam	wiktionary-ok	auch; sogar; noch	:[1] temporal, durativ: auch jetzt, bis jetzt, noch immer, noch :[2] wiederholend: noch einmal, wieder, nochmals :[3] als Antwort: wohl, ja :[4] selten: als Zugeständnis: ja :[5] steigernd: auch, auch noch, sogar, selbst :[6] beim Komparativ: verstärkend: noch 
67	bonus	wiktionary-ok	gut; tüchtig	:[1] gut, tüchtig 
68	agere	wiktionary-ok	tun; handeln; treiben; verhandeln	:[1] in Bewegung setzen, treiben :[2] betreiben :[3] handeln :[4] verhandeln :[5] transitiv: tun :[6] reflexiv oder passivisch: sich begeben, gehen, kommen :[7] transitiv: mit etwas beschäftigt sein, seine Aufmerksamkeit auf etwas lenken :[8] transitiv, Theater: spielen, auftreten :[9] transitiv: etwas beabsichten, auf etwas abzielen :[10] transitiv: ablaufen, verfließen :[11] transitiv: verabrede
69	terra	wiktionary-ok	Erde; Land	:[1] der Planet Erde :[2] der Planet Erde Erde als Stoff, das Erdreich, Boden :[3] Land als Gegensatz zu Meer und Himmel :[4] ein einzelnes Land, Landschaft, Gegend :[5] die Welt 
70	pater	wiktionary-ok	Vater	:[1] von den Eltern: der Vater :[2] Plural: die Eltern, Vorfahren, Ahnen :[3] Vater von etwas ::[a] Schöpfer, Urheber, Gründer ::[b] christlich: von Gott :[4] als Ehrentitel :[5] mittellateinisch: ::[a] Pater, katholischer Ordensgeistlicher ::[b] Kirchenväter 
71	neque	wiktionary-ok	und nicht; auch nicht	:[1] und nicht; auch nicht 
72	domus	wiktionary-ok	Haus; Heimat; Familie	:[1] das Haus, Wohnung :[2] die Familie, das Geschlecht :[3] die Heimat, das Vaterland 
73	at	wiktionary-ok	aber; dagegen	:[1] jedoch, aber, hingen :[2] (doch) wenigstens, (doch) zumindest 
74	corpus	wiktionary-ok	Körper; Leib	:[1] Körper, Leib (als materielle Substanz) :[2] Fleisch (am tierischen Körper) :[3] (lebloser) Körper, Leichnam :[4] Körper, Komplex (eines Schiffes, eines Gebäudes etc.) :[5] Körperschaft (Körper eines Vereins, Gemeinwesens etc.) :[6] Sammlung, Gesamtwerk (von Schriftwerken) 
75	quoque	wiktionary-ok	auch	:[1] klassisch immer nachgestellt: auch 
76	aliquis	geprueft-gleich	irgendjemand; irgendetwas	WIKT: *Maskulinum oder Femininum: :[1] irgendeiner, einer *Neutrum: :[2] etwas || GEORGES: [315] ali-quis , aliqua, aliquid, Plur. aliqui, Pron. indef. subst. u. adi. (alius quis), eig. = alius nescio quis, d.h. dieser od. ein anderer aus der Mehrzahl, irgend jemand (einer), irgend ein od. etwas, dieser u. jener, im Plur. auch irgendwelche, einige, manche, I) im allg.: a) allein: α) subst.: is ali
77	tōtus	wiktionary-ok	ganz	:[1] ungeteilt, ganz :[2] meist im Plural: alle, sämtlich 
78	sīc	wiktionary-ok	so; auf diese Weise	:[1] so, also 
79	hīc	wiktionary-ok	hier	:[1] dieser, diese, dieses :[2] folgendes :[1] hier 
80	iste	wiktionary-ok	dieser (da); der da	:[1] dieser (…) da , diese (…) da , dieses (…) da ; Anm.: (…) ersetzt ein Nomen, wenn iste, ista, istud adjektivisch gebraucht werden. ::s. auch hic , (haec , hoc ) 
81	urbs	wiktionary-ok	Stadt; Rom	:[1] Stadt 
82	petere	wiktionary-ok	erstreben; bitten; verlangen; angreifen; aufsuchen	*transitiv: :[1] Grundbedeutung: streben nach, erstreben :[2] jemanden um etwas bitten, etwas erbitten, verlangen, fordern, beanspruchen :[3] wohin eilen, hingehen, (hin)fahren, einen Ort aufsuchen, einen Weg oder eine Richtung einschlagen :[4] feindlich: auf jemanden losgehen, angreifen :[5] nach etwas oder jemandem zielen, werfen, schlagen, stoßen 
83	iubēre	wiktionary-ok	befehlen; lassen	:[1] befehlen, anordnen 
84	vir	wiktionary-ok	Mann	:[1] Mann :[2] verheirater Mann; Mann, Ehemann :[3] Soldat :[4] der echte Mann, Held :[5] poetisch im Plural: die Menschen 
85	bellum	wiktionary-ok	Krieg	:[1] Krieg :[2] Kampf, Schlacht :[3] Zwist, Streit, Nneinigkeit 
86	vīta	wiktionary-ok	Leben	:[1] (das) Leben :[2] Lebensweise :[3] Biografie :[4] Lebensunterhalt :[5] Leben 
87	homō	wiktionary-ok	Mensch	:[1] der Mensch :[2] der Mann :[3] die Leute 
88	tempus	wiktionary-ok	Zeit; Zeitpunkt; Lage	:[1] Zeitpunkt, Zeitspanne, Zeitraum; wertend insbesondere: ::[a] die passende / rechte / günstige Zeit; Gelegenheit ::[b] die schwere / traurige / missliche Zeit :[2] die Zeitumstände, Zeitströmung, Zeitverhältnisse :[3] die Zeit, die zum Aussprechen einer Silbe oder eines Wortes benötigt wird: Quantität :[4] Tempus (Zeitstufe) :[1] Anatomie: die Schläfe am Haupt :[2] dichterisch, metonymisch: da
89	magis	wiktionary-ok	mehr	:[1] in höherem Grade :[2] eher, lieber, besser, vielmehr 
90	prīmus	wiktionary-ok	der erste; vorderster	:[1] Ordnungszahl: erster, erste, erstes 
91	ubi	wiktionary-ok	wo; sobald; als	:[1] wo :[2] wo :[3] wo :[4] sobald, wenn 
92	hostis	wiktionary-ok	Feind	:[1] veraltet: Fremder, Fremdling, Ausländer :[2] Militär: Feind, Staatsfeind, Kriegsfeind 
93	an	wiktionary-ok	oder; etwa	:[1] in unabhängigen Fragesätzen oder; oder etwa; doch wohl :[2] in abhängigen Fragesätzen oder (ob); ob nicht 
94	mors	wiktionary-ok	Tod	:[1] der Tod 
95	tam	wiktionary-ok	so	:[1] so, so sehr 
96	īre	wiktionary-ok	gehen	:[1] (irgendwohin) gehen :[2] Militär: losgehen auf, angreifen, entgegentreten, marschieren :[3] übertragen: gehen, schreiten, wandeln :[4] übertragen: (da)hingehen, vergehen :[5] übertragen: vonstatten gehen :[6] übertragen: an etwas (heran)gehen, zu etwas schreiten 
97	arma	georges-ok	Waffen	[575] arma , ōrum, n. (Stamm AR-o, griech. ΑΡ-ω, ich füge an; vgl. τὰ ἄρμενα, Segel u. Tauwerk der [575] Schiffe), griech. εντεα u. ὅπλα, u. altd. Zeug, Gezeug, Wehr u. Waffe, I) im allg., alles, was zu einer Ausrüstung od. Zurüstung gebraucht wird, das Rüstzeug = Gerät, Werkzeug, arma equestria, die ganze Ausrüstung eines Pferdes, »Sattel u. Zeug«, Liv. 35, 23, 11. – das »Segelwerk, Takelwerk, Ru
98	superus	wiktionary-ok	oben befindlich; oberer	:[1] oben gelegen; oberer :[2] oberhalb der Unterwelt befindlich und/oder lebend; irdisch :[3] sich auf den Himmel beziehend; Himmels-, himmlisch 
99	nisi	wiktionary-ok	wenn nicht; außer	:[1] in einem anderen Fall; wenn nicht, außer 
100	vincere	wiktionary-ok	siegen; besiegen; übertreffen	*, auch absolut: :[1] im Krieg: Sieger sein, siegen, besiegen, bezwingen, überwinden :[2] im Wettkampf: Sieger sein, siegen, besiegen, bezwingen, überwinden :[3] bei Prozessen: Sieger sein, siegen, besiegen, bezwingen, überwinden; (einen Prozess) gewinnen :[4] übertragen: besiegen, bewältigen, bestehen, Herr werden, Meister werden :[5] übertragen: zur Einsicht bringen, umstimmen, bewegen, hinreiße
101	pōnere	wiktionary-ok	setzen; stellen; legen	:[1] (weg-) legen, stellen, setzen :[2] (etwas) ablegen, (etwas) aufgeben :[3] aufstellen, errichten, erbauen (schaffend legen, stellen, setzen) :[4] (jemandem) eine Bildsäule aufstellen, weihen :[5] (jemanden) versetzen :[6] (jemanden) einstellen, (jemanden) einsetzen :[7] (jemanden oder etwas) zu etwas rechnen, (jemanden oder etwas) zu etwas zählen :[8] in den Erdboden setzen; einsetzen, pflanze
102	dum	georges-ok	während; solange; bis	[2310] dum (wie alle Zeitadv. auf um [wie cum, tum] das Neutrum eines verloren gegangenen Pronomens), I) Adv., eig. = für jetzt, enklitisch mit andern Wörtern verbunden als: a) mit den Wörtern non, nullus, haud, vix etc., deutsch: noch, nondum, noch nicht, Cic.: so auch necdum, Liv., od. nequedum, Cic.: neque dum satis, noch nicht genug, Cic. fr.: nullusdum, nulladum etc., noch keiner usw., Liv.: 
103	sine	wiktionary-ok	ohne	:[1] ohne 
104	tantus	wiktionary-ok	so groß; so viel	:[1] so groß, so bedeutend :[2] so viel :[3] so klein, so gering 
105	tenēre	wiktionary-ok	halten; festhalten; besitzen	:[1] in der Hand haben; halten, festhalten 
106	causa	wiktionary-ok	Grund; Ursache; Prozess	:[1] wegen, halber :[1] Grund, Ursache, Anlass :[2] guter Grund, volles Recht :[3] Urheber :[4] Schuld :[5] begründete Entschuldigung, Einwand :[6] Scheingrund, Vorwand, Ausrede :[7] Krankheitsanlass, Krankheitszustand 
107	sequī	wiktionary-ok	folgen	:[1] transitiv: folgen, verfolgen :[2] nach etwas streben, trachten :[3] in der zeitlichen Abfolge folgen, nachkommen :[4] Folge leisten, gehorchen 
108	crēdere	georges-ok	glauben; anvertrauen	[1737] crēdo , didī, ditum, ere (vgl. altind. çrad-dhā, das Vertrauen), vertrauen, I) jmd. oder einer Sache vertrauen, trauen, sein Vertrauen (Zutrauen) schenken, a) in Beziehung auf die Zuverlässigkeit, Treue usw.: post amicitiam credendum est, ante amicitiam iudicandum, Sen.: perditissimi hominis est fallere eum, qui laesus non esset, nisi credidisset, Sen. – m. Dat. einer Pers., cr. eorum nemin
109	accipere	wiktionary-teilweise	annehmen; empfangen; erfahren	:[1] transitiv: erhalten, empfangen :[2] transitiv: jemanden in Empfang nehmen, empfangen, begrüßen 
110	virtūs	wiktionary-ok	Tapferkeit; Tüchtigkeit; Tugend	:[1] eigentlich: besondere Eigenschaften/Leistungen eines Mannes „Mannheit“, Mannhaftigkeit :[2] Tapferkeit, Tatkraft, Entschlossenheit, Mut; oft im kriegerisch-militärischen Sinne :[3] Plural: Heldentaten, Verdienste :[4] Virtus personifiziert: Göttin der militärischen Tapferkeit :[5] übertragen: Kraft, Tüchtigkeit, Wert, Vortrefflichkeit :[6] Tugend, nach Platon, Aristoteles und Thomas von Aquin
111	ante	wiktionary-ok	vor	:[1] räumlich: vorn, vorwärts :[2] zeitlich: vorher, früher *mit Akkusativ: :[1] lokal: vor :[2] temporal: vor 
112	quaerere	wiktionary-ok	suchen; fragen; untersuchen	:[1] finden wollen; suchen :[2] besitzen wollen; suchen, streben, erstreben :[3] wissen oder verstehen wollen; fragen 
113	mittere	wiktionary-ok	schicken; loslassen; werfen	:[1] schicken, senden :[2] werfen, schleudern :[3] übertragen: stürzen, treiben, bringen 
114	vīs	wiktionary-ok	Kraft; Gewalt; Menge	:[1] Kraft, Stärke, Gewalt :[2] Wehrkraft, Streitkraft, Truppen :[3] Zeugungskraft, der männliche Samen :[4] moralische Kraft/Gewalt/Wirkung :[5] der geistigen Gegenständen innewohnende Gehalt, die Bedeutung / die Natur / das Wesen einer Sache :[6] Bedeutung, Sinn, Wirkmacht 
115	amor	wiktionary-ok	Liebe	:[1] die Liebe, Plural: die Liebeleien :[2] die Lust, die Begierde, der Trieb :[3] der Liebling, der Geliebte 
116	caelum	wiktionary-ok	Himmel	:[1] Werkzeug für Ziselierarbeiten: Meißel, Grabstichel :[1] Bereich über der Erde, in dem sich die Sterne befinden; Himmel, Himmelsgewölbe :[2] übertragen: Himmel, Himmelshöhe, Höhe :[3] poetisch: Gegensatz zur Unterwelt; Oberwelt :[4] Bereich über der Erde; untere Luftschicht, Dunstkreis, Atmosphäre, Luft :[5] Gesamtheit der Wettererscheinungen; Luft, Witterung, Wetter, Klima :[6] ein Bereich de
117	sub	wiktionary-ok	unter; nahe bei	*mit Ablativ: :[1] auf der Unterseite von; unter, unterhalb 
118	nox	wiktionary-ok	Nacht	:[1] die Nacht :[2] ::[2a] Dunkelheit, Finsternis ::[2b] Blindheit, Verblendung ::[2c] traurige Lage, Verwirrung :[3] die nächtliche Ruhe, Schlaf 
119	ita	georges-ok	so	[466] ita , Adv. (zum Pronominalstamme i, vgl. is; altindisch iti), demonstrative Pronominalpartikel = auf die bezeichnete Art, in der Art, auf diese Weise, so, also, I) im allg.: a) übh.: te ita velle certe scio, Cic.: ita tempestas ferebat, Cic.: quod cum ita sit, Cic.: quod si ita est, Cic.: omnia ita sunt, Cic.: ut ita dicam, Suet.: ita fit, inquit, so geht es nun einmal, sagte er, Cic.: ita a
120	rēgnum	wiktionary-ok	Königreich; Königsherrschaft	:[1] Königtum, (königliche) Herrschaft, Königsherrschaft, Regentschaft, Monarchie :[2] Königreich 
121	populus	wiktionary-ok	Volk	:[1] das Volk :[2] die Menge, die Volksmenge; die Leute :[3] das niedere Volk, der Pöbel :[1] Pappel 
122	autem	wiktionary-ok	aber; jedoch	:[1] hingegen, dagegen, aber :[2] aber, freilich 
123	caput	wiktionary-ok	Kopf; Hauptstadt	:[1] der Kopf, das Haupt :[2] Mensch :[3] Kopf; Stück :[4] das Leben :[5] die Hauptperson, der Urheber :[6] die Hauptstadt, der Hauptsitz, Hauptort :[7] die Hauptsache, der Hauptinhalt, Hauptpunkt :[8] die Spitze, Anfang oder Ende :[9] Hauptabschnitt, Kapitel :[10] das Kap 
124	mare	wiktionary-ok	Meer	:[1] das Meer :[2] poetisch, metonymisch: das Meerwasser, Seewasser 
125	quīdam	georges-ok	ein gewisser; irgendein	[2157] quidam , quaedam, quoddam u. subst. quiddam, ein gewisser, I) eig., zur Bezeichnung der qualitativen Unbestimmtheit, v. Pers.u. Dingen, die zwar bestimmt als von allen anderen derselben Gattung unterschieden gedacht werden, deren Name oder nähere Verhältnisse aber nicht angegeben werden, weil sie entweder nicht weiter bekannt sind, oder weil man sie nicht genau bestimmen will, a) übh.: quid
126	māter	wiktionary-ok	Mutter	:[1] beim Menschen: weiblicher Elternteil, Mutter :[2] bei Tieren: Muttertier (insbesondere Mutterkuh, Mutterschaf oder Mutterziege) :[3] übertragen: Urheberin, Erzeugerin, Quelle, Ursprung 
127	prō	wiktionary-ok	für; vor; anstelle von	:[1] über etwas hinaus, vor (in Bezug auf die Richtung) :[2] vorn in, vorn an, vorn auf (in Bezug auf die Richtung) :[3] für, zum Vorteil von, zu Gunsten (zur Bezeichnung eines Vorteiles, Schutzes etc.) :[4] für, zum Lohn (zur Vergeltung oder für einen Ausgleich) :[5] statt, anstatt (anstelle von) 
128	quisquis	wiktionary-ok	wer auch immer; was auch immer	:[1] wer auch immer 
129	vōs	wiktionary-ok	ihr	:[1] Personalpronomen 2. Person Plural: ihr 
130	capere	wiktionary-ok	fassen; nehmen; ergreifen; erobern	:[1] ergreifen, fangen, fassen, nehmen :[2] den Anfangspunkt oder Endpunkt erreichen; (einen Anfang oder ein Ende) machen, nehmen 
131	quia	wiktionary-ok	weil	:[1] mit Indikativ, kausal: da, weil 
132	dūcere	wiktionary-ok	führen; ziehen; halten für	:[1] führen, ziehen 
133	ergō	wiktionary-ok	also; deshalb	:[1] folglich, also, deshalb :[2] nach einem Genitiv: wegen, um … willen 
134	nōmen	wiktionary-ok	Name	:[1] Name, Benennung von jemandem oder etwas ::insbesondere: Geschlechtsname (Gentilname) eines freigeborenen Römers :[2] Titel :[3] Ruhm, Ruf, Ansehen :[4] Sprachlehre: Nomen (Nennwort, Namenwort; im traditionellen weiteren Sinn) :[5] Sprachlehre: Eigenname * Ablativ: nomine: mit Namen, namens; dem Namen nach; im Namen von jemandem; unter dem Namen / Vorwand 
135	quidem	wiktionary-ok	zwar; gewiss; wenigstens	:[1] durchaus :[2] zwar :[3] wenigstens 
136	miser	wiktionary-ok	elend; unglücklich	:[1] elend, unglücklich :[2] kläglich, ärmlich, armselig, erbärmlich :[3] krank, leidend :[4] erbärmlich, verachtenswert :[5] leidenschaftlich (beispielsweise in Bezug auf die Liebe) 
137	fortūna	wiktionary-ok	Schicksal; Glück	:[1] Zufall, Geschick, Glücksfall, (das günstige, ungünstige) Los :[2] Glück, das gute Schicksal :[3] Unglück, Missgeschick :[4] Vermögen, Hab und Gut, Güter 
138	novus	wiktionary-ok	neu	:[1] neu, jung :[2] Superlativ: „novissimus“ ::[2a] der jüngste, der letzte ::[2b] der äußerste, der hinterste ::[2c] der äußerste, der höchste 
139	gravis	wiktionary-ok	schwer; ernst; gewichtig	:[1] eigentlich vom Gewicht: schwer :[2] übertragen: wichtig, schwerwiegend (bedeutend), beschwerlich, groß, stark, „schlecht“ :[3] insbesondere von Personen: ernst, würdevoll, streng 
140	vel	georges-ok	oder; sogar	[3385] vel (eig. Imperat. v. volo, also: nimm, was du willst, das eine oder das andere; dah. A) im allg.: 1) einmal gesetzt, oder, zur Trennung mehrartiger Dinge, wobei die Annahme des einen der subjektiven Meinung oder Wahl überlassen wird (während aut Verschiedenartiges entegensetzt; doch setzt Tacitus oft vel = aut, s. Nipperd. Tac. ann. 1, 139), eiusmodi coniunctionem tectorum oppidum vel urbe
141	longus	wiktionary-ok	lang; weit	:[1] lang, weit 
142	parvus	wiktionary-ok	klein; gering	:[1] nicht groß :[2] kurz :[3] jung :[4] leise :[5] kleinmütig :[6] gering :[1] kleiner Junge, kleines Kind 
143	relinquere	wiktionary-ok	verlassen; zurücklassen	:[1] eine Person nicht mitnehmen; zurücklassen :[2] von einem Ort weggehen; verlassen :[3] nicht aufbrauchen; übrig lassen; im Passiv: übrig bleiben 
144	saepe	wiktionary-ok	oft	:[1] immer wieder; oft, häufig 
145	fierī	wiktionary-ok	werden; geschehen; gemacht werden	:[1] werden, entstehen, wachsen, erzeugt/geschaffen werden; ereignen, eintreten, geschehen :[2] als Passiv von facere: gemacht, getan, verfertigt werden :[3] zu etwas werden; zu etwas gemacht/ernannt werden :[4] geopfert werden 
146	ōs	wiktionary-ok	Mund; Gesicht	:[1] der Mund, das Maul :[2] das Antlitz, das Gesicht :[1] der Knochen, das Bein :[2] im Plural: die Gebeine, das Skelett 
147	alter	wiktionary-ok	der eine; der andere (von zweien)	:[1] andere, weitere, zusätzlich :[2] mit verneinten oder indefiniten Pronomina; andere :[1] der eine von zwei, der andere von zwei 
148	semper	wiktionary-ok	immer	:[1] immer, stets, allezeit, jederzeit, jedesmal :[2] von jeher 
149	deinde	georges-ok	dann; darauf	[2003] de-inde , abgek. de-in , Adv. (de u. inde), von hier an, von da an, hierauf, a) im Raume, von da an, weiterhin, via tantum interest perangusta...; deinde paulo latior patescit campus; inde colles insurgunt, Liv. 22, 4, 2: iuxta Hermunduros Narisci ac deinde Marcomanni et Quadi agunt, Tac. Germ. 42. – bes. v. der Reihenfolge im Raume, Baliares locat ante signa levemque armaturam...; dein gra
150	ignis	wiktionary-ok	Feuer	:[1] Feuer :[2] Brand, Feuersbrunst :[3] Glut, Hitze :[4] Begeisterung, Liebe 
151	modo	georges-ok	nur; eben; gerade	[965] modo , Adv. (modus), gleichs. mit Maßen, I) einen Begriff od. eine Behauptung gleichs. auf ein Maß (wie tantum auf einen Grad) beschränkend, über das nicht hinauszugehen ist, nur, bloß, allein, A) im allg.: nam circi modo spectaculum fuerat, Liv.: quae secundis rebus delectationem modo habere videbantur, nunc vero etiam salutem, Cic.: laudibus m. prosequentes virum, Liv. – quod dixerit soler
152	timēre	wiktionary-ok	fürchten; Angst haben	:[1] (etwas oder jemanden) fürchten, sich fürchten :[2] jemanden zu fürchten haben 
153	scelus	wiktionary-ok	Verbrechen; Frevel	:[1] Verruchtheit, Bosheit, Tücke :[1] Freveltat, Bluttat, Verbrechen 
154	dēbēre	wiktionary-ok	müssen; schulden; verdanken	:[1] Schulden haben :[2] etwas schulden, etwas schuldig sein, zu etwas verpflichtet sein :[3] mit Infinitiv: müssen, sollen :[4] jemandem für etwas verpflichtet sein oder sich verpflichtet fühlen, ihm etwas zu verdanken haben 
155	vīvere	wiktionary-ok	leben	:[1] leben 
156	fātum	wiktionary-ok	Schicksal; Götterspruch; Tod	:[1] der Götterspruch :[2] die Weissagung :[3] die Weltordnung :[4] das Schicksal :[5] das Verhängnis 
157	vocāre	wiktionary-ok	rufen; nennen	:[1] rufen, herbeirufen, berufen :[2] anrufen, anflehen ::[2a] laden, vorladen ::[2b] einladen :[3] herausfordern, reizen :[4] locken, reizen :[5] mit einem Namen rufen ::[5a] nennen, benennen ::[5b] anreden :[6] jemanden bezeichnen als :[7] heißen :[8] bringen, versetzen 
158	altus	wiktionary-ok	hoch; tief	:[1] weit in die Höhe reichend; hoch :[2] eine bestimmte Höhe aufweisend; hoch :[3] sich in die Tiefe erstreckend; tief :[4] tief, dick :[5] eine bestimmte Dicke aufweisend; dick :[6] hoch, lang :[7] besonders von der Zeit: weit entfernt :[8] von Tönen oder der Stimme: hoch, hell, laut :[9] tief hineingehend (von der Weite); unergründlich, versteckt; tiefer sitzend 
159	parāre	wiktionary-ok	vorbereiten; beschaffen	:[1] sich verständigen, vergleichen, gleich schätzen :[2] (sich) vorbereiten, rüsten :[3] sich anschicken, etwas vorhaben :[4] (sich) verschaffen, anschaffen, erwerben 
160	mīles	wiktionary-ok	Soldat	:[1] Soldat 
161	medius	georges-ok	der mittlere	[847] medius , a, um (altind. mádhya-h, griech. μέσσος, μέσος, gotisch midjis, ahd. mitti = nhd. mitten), I) der mittlere, mittelste, der in der Mitte befindliche, -gelegene, u. partitiv, mitten an, auf, in usw., in der Mitte von u. dgl. (Ggstz. summus u. infimus oder imus, od. primus u. extremus, postremus, od. oriens u. cadens u. dgl.), A) eig.: 1) v. Raume: a) im allg.: in triclinio medio... in
162	inquit	georges-ok	sagt er; sagte er	[293] inquam , is, it, Perf. inquiī, verb. defect. (aus *insquam; vgl. 2. inseco), ich sage, spreche, wird einem oder mehreren Wörtern, die angeführt werden, nachgesetzt, unser sage (sagte) ich, sagt (sagte) er usw., ohne bestimmtes Subjekt auch = sagt man, heißt es (s. Holstein Cic. de fin. 2, 93. p. 107), a) bei Anführung der Worte jemandes, Alcibiades, quoniam, inquit, victoriae repugnas etc., 
163	post	wiktionary-ok	nach; hinter	:[1] lokal: hinten, hintennach :[2] temporal: nachher, später, danach :[1] mit Akkusativ, räumlich: Position aus einer Perspektive, bei der ein Objekt den zu betrachtenden Gegenstand verdeckt; hinter, nach :[2] mit Akkusativ, zeitlich: nach 
164	audīre	wiktionary-ok	hören	:[1] in der Lage sein, Laute mit den Ohren wahrzunehmen; hören :[2] Laute mit den Ohren wahrnehmen; hören, vernehmen :[3] etwas mit den Ohren wahrnehmen und verstehen; hören :[4] gehorchen, sich fügen, folgen 
165	putāre	wiktionary-ok	glauben; meinen; halten für	:[1] meinen, glauben, vermuten (meist mit a.c.i., im Passiv mit n.c.i.; auch mit Akkusativ, …) :[2] erwägen, überlegen (mit Akkusativ oder a.c.i.) :[3] für etwas halten, als etwas ansehen, schätzen (mit Genitivus pretii, „pro“, „in“ oder doppeltem Akkusativ) :[4] reinigen, bereinigen, in Ordnung bringen, ordnen; (Bäume, Weinstöcke) beschneiden 
166	annus	wiktionary-ok	Jahr	:[1] Jahr :[2] Lebensjahr, Amtsjahr :[3] Jahreszeit :[4] übertragen: Ertrag des Jahres: Ernte 
167	stāre	wiktionary-ok	stehen	:[1] stehen 
168	vōx	wiktionary-ok	Stimme; Laut; Wort	:[1] die Stimme :[2] Laut, Ton, Klang, Schall :[3] Ausspruch, Äußerung, insbesondere: Gebot, Befehl :[4] Aussprache, Sprache, Betonung, Akzent :[5] das Wort, eine Formel 
169	genus	wiktionary-ok	Geschlecht; Herkunft; Art	:[1] Abstammung, (biologisch-geschlechtliche) Herkunft; Stand :[2] Gattung, Art :[3] Stamm, Geschlecht * :[4] Geschlecht, Genus; Geschlechter der Nennwörter (Genera wie: Maskulinum, Femininum, Neutrum) :[5] Gattung, Genus, Genus verbi/Genus Verbi, Verbalgenus, Verbgenus; Gattungen der Zeitwörter (Genera Verbi wie: Aktiv, Passiv, Medium) 
170	referre	wiktionary-ok	zurückbringen; berichten	* zurücktragen :[1] zurücktragen, heibringen :[2] sich zurückziehen, zurückgehen :[3] (etwas Geschuldetes) zurückgeben, bezahlen :[4] (etwas Entschwundenes) wiederbringen, zurückbringen :[5] (den Geist) auf etwas zurücklenken :[6] (auf etwas) zurückführen * überbringen :[7] überbringen, abliefern :[8] berichten, melden, mitteilen :[9] vortragen, referieren, Bericht erstatten :[10] einschreiben, ei
171	scīre	wiktionary-ok	wissen; kennen; verstehen	:[1] wissen 
172	mēns	wiktionary-ok	Geist; Verstand; Sinn; Gesinnung	:[1] Denkart, Empfindungsart, Gesinnung,Gemüt, Charakter :[2] Gewissen :[3] Denkvermögen, Verstand, Vernunft, Geist :[4] Überlegung, Einsicht, Besinnung :[5] Zorn, Leidenschaft :[6] Meinung, Ansicht 
173	reddere	georges-ok	zurückgeben; wiedergeben; machen zu	[2245] reddo , didī, ditum, ere, zurück-, von sich geben, I) zurückgeben = wiedergeben, wieder abgeben, wieder herausgeben, zurückerstatten, wieder zustellen, 1) denselben Gegenstand (Ggstz. dare, committere, accipere, adimere): α) konkr. Objj.: omne argentum, Plaut.: equos, Cic.: alci pecuniam, Cic.: alci amissa, Liv.: da sodes abs te, ego post reddidero tibi, Plaut.: immo cedo abs te, ego post t
174	licet	unbelegt	es ist erlaubt; man darf	
175	sōlus	wiktionary-ok	allein; einzig	:[1] allein, einzig, bloß, nur :[2] von Personen: einsam, alleinstehend, verlassen :[3] von Orten: einsam, öde, menschenleer :[4] übertragen: einzigartig, außerordentlich 
176	fugere	wiktionary-ok	fliehen; meiden	:[1] intransitiv: fliehen, davonlaufen :[2] transitiv: vor jemandem/etwas fliehen, jemanden/etwas meiden :[3] transitiv: etwas aus politischen Gründen verlassen; fliehen 
177	ūllus	geprueft-gleich	irgendein	WIKT: :[1] (irgend)jemand || GEORGES: [3284] ūllus , a, um, Genet. ūllīus, dichter. auch ūllĭus, Dat. ūllī (Demin. v. unus st. *ūnulus), in negativen und hypothetischen, äußerst selten aber in affirmativen Sätzen, irgend ein, I) adi.: sine ulla dubitatione, Cic.: sine ulla vituperatione, ohne jeden Tadel, d.i. ganz vorwurfsfrei, Cic.: ullo modo, Ter.: neque ullam in partem disputo, weder dafür (pr
178	nēmō	wiktionary-ok	niemand	:[1] niemand 
179	nātūra	wiktionary-ok	Natur; Wesen; Beschaffenheit	:[1] Natur, natürliche Beschaffenheit, Wesen, Eigenart :[2] Gestalt, Äußeres :[3] Charakter, Gesinnung, Naturell :[4] Naturkraft, Schöpfung, Welt :[5] Substanz, Element, (Grund)stoff 
180	mōs	wiktionary-ok	Sitte; Brauch; Gewohnheit	:[1] ein alle Handlungen bestimmendes Streben :[2] starker eigener Wille; hartnäckiges Beharren auf einer Meinung oder Absicht (ohne den Rat anderer anzunehmen) :[3] der sich in einem Herkommen, Gebrauch, einer Gewohnheit oder Mode ausdrückende für die Handlungsweise zur Regel gewordene Wille; das Herkommen, der Gebrauch, die Gewohnheit oder Mode an sich :[4] schlechter Brauch; schlechte Angewohnh
181	beneficium	wiktionary-ok	Wohltat; Gefallen	:[1] Handlung zum Nutzen einer anderen Person; Wohltat, Wohlverhalten, Freundschaftsdienst :[2] Begünstigung, Vorteil, Vorrecht, Privileg :[3] Lehen, Pfründe 
182	pectus	wiktionary-ok	Brust; Herz	:[1] Anatomie, poetisch auch im Plural: Brust 
183	fidēs	wiktionary-ok	Treue; Vertrauen; Glaube; Zuverlässigkeit	:[1] die Darmsaite :[2] Musik (häufig im Plural): das Saitenspiel, die Laute, die Lyra, die Saite, das Saiteninstrument :[1] das Vertrauen, das Zutrauen, der Glaube :[2] meton.: die Treue, die Redlichkeit :[3] die Glaubwürdigkeit, die Zuverlässigkeit :[4] die Göttin der Treue :[5] das Versprechen, der Eid, der Schwur :[6] der Kredit :[7] die Treue, Zuverlässigkeit, Ehrlichkeit :[8] die Glaubwürdig
184	patī	wiktionary-ok	leiden; ertragen; zulassen	:[1] (etwas) erleiden, erdulden, aushalten, hinnehmen :[2] (etwas) überleben, aushalten, überstehen :[3] (von etwas) betroffen werden :[4] sich gefallen lassen, gestatten, zulassen :[5] sein lassen :[6] als Märtyrer sterben 
185	cūra	wiktionary-ok	Sorge; Pflege; Fürsorge	:[1] Sorge 
186	īra	wiktionary-ok	Zorn	:[1] Zorn, Wut :[2] Plural: die Zürnenden 
187	verbum	wiktionary-ok	Wort	:[1] das Wort, :[2] der Ausdruck, die Äußerung :[3] das Verb, Zeitwort :[4] die Rede, die Worte 
188	prope	wiktionary-ok	nahe; beinahe; fast	:[1] nahe, in der Nähe, unweit :[2] nahe :[3] beinahe, fast, annähernd :[4] nahe dran :[5] nächst 
189	parēns	wiktionary-ok	Vater; Mutter	:[1] der Vater oder die Mutter, die Eltern :[2] der Großvater, die Vorfahren :[3] der Urheber, der Stifter, die Quelle, der Grund :[4] die Heimatstadt einer Kolonie :[5] der Vetter, die Anverwandten 
190	puer	wiktionary-ok	Junge; Kind; Sklave	:[1] Kind :[2] Junge, Knabe :[3] Sohn :[4] Sklave, Diener :[1] weibliches Kind; Mädchen, Tochter 
191	movēre	georges-ok	bewegen; beeinflussen	[1024] moveo , mōvī, mōtum, ēre (vielleicht zu altindisch) mīvati, schiebt, drängt, bewegt), in Bewegung setzen, bewegen, I) bewegen = hin und her bewegen, rühren, rütteln, schütteln, aufregen, aufrühren, aufrütteln, A) eig.: a) übh.: caelum, Cic.: urnam, Verg.: facem, Ov.: membra, Lucr.: caput, colla, labra (in leisem Gebete), Ov.: manus, nares, oculos, Quint.: ora vana, mit leerem Munde kauen, O
192	dolor	wiktionary-ok	Schmerz; Kummer	:[1] Schmerz :[2] Betrübnis, Kummer, Unmut, Grimm 
193	gēns	wiktionary-ok	Stamm; Volk; Familienverband	:[1] die Sippe, das Geschlecht, die Verwandtschaft, der Spross :[2] der Stamm, der Volksstamm, das Volk, die Leute :[3] das Geschlecht, die Gemeinsamkeit, die Art, die Gattung :[4] die Heiden 
194	modus	wiktionary-ok	Art; Weise; Maß	:[1] Maß, Einheit :[2] Umfang, Quantität :[3] Takt, Ton, Melodie :[4] Ziel, Grenze, Mäßigung :[5] Regel, Vorschrift :[6] Art, Weise 
195	via	wiktionary-ok	Weg; Straße	:[1] der Weg, die Straße 
196	quisque	georges-ok	jeder	[2175] quis-que , quidque u. adi. quaeque, quodque, I) wer es nur sei, jeder, jede, jedes ohne Ausnahme, Cic., Hor. u.a.: res ut quaeque est, Hor. – häufig itt Verbindung mit dem Plur. des Verbums, omnes meretrices, ubi quisque habitant, Plaut. Poen. prol. 107: coepere se quisque magis extollere, Sall. Cat. 7, 1: pro se quisque nostrûm... debemus, Cic. lege agr. 1, 26. – in Verbindung mit sui, sib
197	amīcus	wiktionary-ok	befreundet; freundlich	:[1] befreundet, freundlich :[1] der Freund, dem man persönlich zugeneigt ist :[2] der politische Freund, Anhänger :[3] offiziell mit Rom freundschaftlich verbundene Person oder Volk; Staatsfreund 
198	pēs	wiktionary-ok	Fuß	:[1] Fuß :[2] Fuß, Pfote, Tatze :[3] Schritt, Gang :[4] Fuß :[5] Fuß :[6] Fuß, Versfuß, Versglied :[7] Takt, Versmaß 
199	imperium	wiktionary-ok	Befehl; Herrschaft; Reich; Befehlsgewalt	:[1] der Auftrag, die Anordnung, der Befehl, die (ärztliche) Verordnung :[2] die Macht, die Gewalt :[3] das Reich, der Staat 
200	labor	wiktionary-ok	Arbeit; Mühe; Anstrengung	:[1] Anstrengung, Mühe, Arbeit 
201	ingēns	georges-ok	gewaltig; riesig	[262] in-gēns , gentis (zu gens, Geschlecht, vgl. unser »ungeschlacht«, d.i. was unserem Geschlechte nicht zukommt, über die Größe od. Art unseres Geschlechtes hinausgeht), sehr (überaus) groß (stark), außerordentlich, gewaltig, ungeheuer, I) eig.: corpus, Curt.: campus, Cic.: aquae, Liv.: pecunia, Cic.: numerus, Cic.: clamor, Liv. – Superl., rotae ingentissimae, Veget. mil.: ingentissima moles, A
202	tālis	wiktionary-ok	so beschaffen; solch	:[1] von dieser Art; so beschaffen, solch ein 
203	parum	georges-ok	zu wenig	[1493] parum , Adv. ( altes neutr. von parvus), Compar. minus, Superl. minimē, I) parum , mit u. ohne Genet., A) zu wenig, nicht genug (Ggstz. satis u. nimium, s. Cic. Clu. 160; or. 73), satis eloquentiae, sapientiae parum, Sall.: non parum agrorum, ein guter Teil Ä., Eutr.: pro Cluentii voluntate nimium, pro rei publicae dignitate parum, pro vestra prudentia satis dixisse videor, Cic.: haud parum
204	apud	wiktionary-ok	bei	:[1] bei, neben, in der Nähe von :[2] als Ersatz für den Dativ 
205	oculus	wiktionary-ok	Auge	:[1] Auge :[2] verdickte Stelle am Schilf; Knolle 
206	unda	wiktionary-ok	Welle; Wasser	:[1] die Welle, die Woge :[2] das Wasser, das Gewässer :[2] die Strömung, das Wogen 
207	itaque	georges-teilweise	deshalb; daher	[469] ita-que , Adv., I) eig. = et ita, so daß ita (w. s.) alle seine Bedeutungen behält. – II) übtr., als Folgerungspartikel, a) übh. zur Angabe, daß eine Tatsache in dem Vorhergehenden ihren Grund habe = so nun, also, daher (bei Cic. u. Caes. dem Satze vorangestellt, bei Späteren oft einem Worte od. mehreren nachgesetzt), sed multa sunt suavitatis praecepta, quae etc. Itaque etiam hoc loco nobis
208	vultus	wiktionary-ok	Gesicht; Miene; Blick	:[1] Gesicht, Gesichtsaussdruck, Gesichtszug, Miene, Blick :[2] der strenge Blick, der zornige Blick :[3] Bild, Bildnis, Gestalt, Aussehen 
209	cadere	wiktionary-ok	fallen; sterben	:[1] fallen, sinken :[2] hinfallen, stürzen :[3] fallen, sterben :[4] geschlachtet werden, geopfert werden :[5] fallen, erobert werden :[6] durchfallen :[7] abnehmen, schwinden, sich vermindern :[8] erkranken :[9] zustoßen, widerfahren :[10] eintreten, sich ereignen :[11] abfallen von 
210	nātus	wiktionary-ok	Sohn	:[1] männlicher Nachkomme; Sohn 
211	quis	wiktionary-ok	wer?; was?	:[1] in einer direkten Frage: wer, was *substantivisch: :[1] in einem Konditionalsatz: irgendwer, irgendeiner, irgendetwas, jemand, etwas :[2] in einem Relativsatz, Temporalsatz: irgendwer, irgendeiner, irgendetwas, jemand, etwas :[3] in einem verneinten Hauptsatz: irgendwer, irgendeiner, irgendetwas, jemand, etwas :[4] in einem verneinten Finalsatz: irgendwer, irgendeiner, irgendetwas, jemand, et
212	trahere	wiktionary-ok	ziehen; schleppen	:[1] ziehen, schleppen :[2] nachschleppen :[3] im Gefolge haben :[4] an sich ziehen, einziehen :[5] zusammenziehen :[6] wegziehen, abziehen :[7] hervorziehen, herausziehen :[8] herabziehen :[9] in die Länge ziehen 
213	sanguis	wiktionary-ok	Blut	:[1] Blut :[2] Blutvergießen, Blutbad, Mord :[3] Lebensfrische, Lebenskraft :[4] Vermögen, Geld :[5] Blutsverwandschaft, Abstammung :[6] Abkömmling, Kind, Enkel 
214	metus	wiktionary-ok	Furcht; Angst	:[1] die Furcht, Besorgnis 
215	tantum	georges-ok	nur; so sehr	[3020] tantum , Adv., so viel, nur, s. tantusno. II u. III. Quelle: Karl Ernst Georges: Ausführliches lateinisch-deutsches Handwörterbuch. Hannover 8 1918 (Nachdruck Darmstadt 1998), Band 2, Sp. 3020. Permalink: http://www.zeno.org/nid/20002683814 Lizenz: Gemeinfrei Faksimiles: 3020 Kategorien: Wörterbuch Ähnliche Einträge in anderen Lexika Brockhaus-1809 : Das Alterum Tantum Herder-1854 : Tantum 
216	cōnsilium	wiktionary-ok	Rat; Beschluss; Plan; Absicht	:[1] Rat, Beratung :[2] Ratsversammlung :[3] Überlegung, Einsicht, Klugheit :[4] Ratsschluss, Beschluss, Entschließung :[5] Ratschlag, Maßregel 
217	coniūnx	georges-ok	Gatte; Gattin	[1490] coniūnx (coniūx), iugis, c. (coniungo), der Verbundene, I) der ehelich Verbundene, 1) der Gatte, Plaut. Amph. 475. Catull. 61, 32. Verg. Aen. 3, 317. Ov. met. 1, 605. Cic. Cael. 78 (Cic. Tusc. 4, 69 aus einem Dichter). Val. Max. 2, 6, 14. Sen. ad. Helv. 17, 4 (19, 5). Tac. ann. 3, 34 u. 13, 44. Aur. Vict. de vir. ill. 7, 19. Iustin. 2, 4, 8. Hyg. fab. 23. – 2) die Gattin (als der eine Teil 
218	amāre	wiktionary-ok	lieben	* :[1] lieben, verliebt sein :[2] gern haben 
219	levis	wiktionary-ok	leicht; leichtsinnig; unbedeutend	:[1] leicht :[1] glatt :[2] unbehaart, bartlos, glatzköpfig :[3] im übertragenen Sinne bei Vergil: jugendlich, zart, schön :[4] Bei Ovid: geputzt, galant :[5] glatt, glitschig, schlüpfrig :[6] fließend, geschliffen [Rede] 
220	duo	wiktionary-ok	zwei	:[1] Kardinalzahl zwischen eins und drei; zwei 
221	ferus	wiktionary-ok	wild; roh	:[1] wild, ungezähmt :[1] ein wildes Tier; das Wild 
222	poena	wiktionary-ok	Strafe	:[1] die Strafe, die Rache, die Buße :[2] die Bestrafung 
223	castra	georges-ok	Lager	[1021] castra , ōrum, s. castrum no. II. Quelle: Karl Ernst Georges: Ausführliches lateinisch-deutsches Handwörterbuch. Hannover 8 1913 (Nachdruck Darmstadt 1998), Band 1, Sp. 1021. Permalink: http://www.zeno.org/nid/20002266261 Lizenz: Gemeinfrei Faksimiles: 1021 Kategorien: Wörterbuch Ähnliche Einträge in anderen Lexika Brockhaus-1911 : Regina Castra &middot; Castra &middot; Batava castra Meyers
224	frāter	wiktionary-ok	Bruder	:[1] männliches Geschwisterkind: Bruder :[2] im Plural auch: Geschwister :[3] Sohn des Onkels oder Tante: Vetter, Cousin :[4] als Kosewort: Freund :[5] ein Ehrentitel: Bundesbruder :[6] Glaubensbruder, Mitchrist :[7] Ordensbruder 
225	haud	wiktionary-ok	nicht	:[1] drückt die Verneinung aus: nicht, eben nicht 
226	malus	wiktionary-ok	schlecht; böse	:[1] schlecht, böse :[1] Apfelbaum 
227	iacēre	wiktionary-ok	liegen	:[1] liegen, daliegen :[2] ruhen, schlafen :[3] zu Tisch liegen :[4] krank liegen, krank sein :[5] tot daliegen, im Kampf gefallen sein :[6] (als Besiegter) auf dem Boden liegen 
228	līber	wiktionary-ok	frei	:[1] Bast, Rinde :[2] metonymisch: Buch (Ursprünglich wurde auf Bast geschrieben.) :[1] frei, ungebunden :[2] freimütig :[3] ausgelassen, zügellos :[4] frei von Abgaben, Schulden :[5] politisch unabhängig :[1] der Freie, ein bürgerlich freier Mensch :[2] der Freie, ein von Fesseln freier (befreiter) Mensch :[3] nur Plural, nachklassisch auch Singular: die Freien im Hause: die Kinder, siehe 
229	iter	wiktionary-ok	Weg; Reise; Marsch	:[1] das Gehen, Gang, Weg (den man nach einem Ort als Ziel macht) :[2] Reise, Marsch, Fahrt :[3] konkret: der Weg als Straße; Bahn :[4] abstrakt: Weg :[5] metonymisch: als Wegstrecke oder Längenangabe Reise, Marsch; Tagesreise, Tagesmarsch :[5] Art und Weise, Verfahren, Methode; Ausweg :[6] von Flüssen: Lauf 
230	ferrum	wiktionary-ok	Eisen; Schwert	:[1] Eisen :[2] Härte, Gefühllosigkeit :[3] Eisengerät, Eisen, Stahl :[4] Klinge, Spitze, Lanzenspitze, Pfeilspitze 
231	spēs	wiktionary-ok	Hoffnung	:[1] die Hoffnung, die Erwartung ::[1a] auf jemanden/etwas: mit Genitiv (oder ad) ::[1b] dass etwas: mit A. C. I., seltener mit ut-Satz :[2] Hoffnung = das Ziel, worauf man seine (ganze) Hoffnung setzt 
232	puella	wiktionary-ok	Mädchen; Freundin	:[1] Mädchen 
233	silva	wiktionary-ok	Wald	:[1] Wald, Waldung, Forst :[2] Park :[3] Baum, Strauch 
234	bene	wiktionary-ok	gut	:[1] gut, wohl, recht, tüchtig, gehörig, gelegen, angenehm, schön 
235	fīnis	wiktionary-ok	Grenze; Ende; Ziel	:[1] örtlich: die Grenze :[2] metonymisch, meist Plural: das Gebiet, das Land :[3] zeitlich: das Ende :[4] zeitlich: das Lebensende, der Tod, die Rückkehr zum Ursprung; (metaphorisch: Untergang) :[5] metaphorisch: der Gipfel / das Höchste, die Herkunft :[6] erklärend: zum Ursprung/Gipfel/Höchsten > All (zu dem/unserem Herkunftsort oder Ursprungs-Gebiet, wo Finsternis ist), zu den/unseren Ahnen 
236	gerere	wiktionary-ok	ausführen; führen; tragen	:[1] tragen :[2] an sich tragen, mit sich tragen, mit sich führen :[3] hintragen, herbeischaffen :[4] offen zeigen, zur Schau tragen :[5] in sich tragen, enthalten, hervorbringen :[6] hegen, empfinden, in sich tragen :[7] erdulden, ertragen :[8] ausführen, ausüben, verrichten, betreiben, besorgen, machen, tun :[9] bekleiden, ausüben :[10] abhalten :[11] lenken, leiten, verwalten, führen :[12] führ
237	-ne	geprueft-gleich	(Fragepartikel)	:[1] nicht :[1] dass nicht, damit nicht 
238	dux	wiktionary-ok	Anführer; Feldherr	:[1] Führer(in), Anführer(in) :[2] Feldherr(in) 
239	premere	georges-ok	drücken; bedrängen	[1912] premo , pressī, pressum, ere, drücken, I) im allg.: 1) eig. u. bildl.: a) eig.: α) übh.: natos ad pectora, Verg.: premere anguem, treten auf usw., Verg.: membra paterna rotis inductis, mit dem Wagen über den Leichnam fahren, Ov.: vestigia alcis, betreten, Tac. (vgl. no. II, E): frena dente, beißen in usw., Ov.: alqd ore, kauen, essen, Ov.: iuvenci pressi iugo, angespannt, Ov. – β) v. der Be
240	dominus	wiktionary-ok	Herr; Hausherr	:[1] Herr eines Haushaltes; Hausherr, Herr, Gebieter :[2] Sohn des Hausherrn; junger Herr :[3] Person, die etwas besitzt; Eigentümer, Besitzer :[4] Leiter einer Gruppe und/oder Veranstalter von Spielen :[5] Veranstalter eines Festes; Gastgeber :[6] oberster Machthaber; Oberherr, Gebieter :[7] Gebieter, der Herr (von Gott) → :[8] Ehrentitel für einen Mann; Herr :[9] geliebte Person; Geliebter, Gatt
241	mōns	wiktionary-ok	Berg	:[1] Geografie: Berg :[2] im Plural: Bergland :[3] übertragen: Berg, berghohe Masse :[4] übertragen: Bergfels, Fels 
242	uterque	georges-ok	jeder von beiden; beide	[3331] uter-que , utraque, utrumque, Genet. utrīusque, Dat. utrīque, jeder von beiden, beide, einzeln gedacht, a) Sing.: uterque alio quodam modo, Cic.: uterque cum exercitu veniret, Caes.: sermones utriusque linguae, Cic.: utraque tyranhis, der beiden Dionyse, Nep.: uterque Neptunus, [3331] der beiderseitige N. (sowohl der επιθαλάσσιος, als der επιλίμνιος), Catull.: uterque Phoebus, die auf- u. u
243	saevus	wiktionary-ok	wild; grausam; wütend	:[1] wild, wütend 
244	lītus	unbelegt	Küste; Strand	
245	solēre	wiktionary-ok	gewohnt sein; pflegen	:[1] intransitiv, mit Infinitiv: gewohnt sein, pflegen :[2] intransitiv, speziell: geschlechtlich verkehren 
246	mīlle	georges-ok	tausend	[921] mīlle , Numer., I) adi. tausend, mille et quingentis passibus abesse, Caes.: primus de mille (procis) fuisses, Ov.: bis mille equi, Hor. – II) subst. neutr., das Tausend, A) eig., Sing. mille mit Genet. (s. Brix Plaut. trin. 425. Lorenz Plaut. mil. 1055. Kühnast Liv. Synt. S. 80), mille drachumarum, nummûm, Komik.: mille modiûm, annorum, Plaut.: mille militum, Nep.: mille hominum versabatur,
247	equus	wiktionary-ok	Pferd	:[1] das Pferd, Ross; der Hengst (männliches Pferd) 
248	dūrus	wiktionary-ok	hart; streng	:[1] hart 
249	cōgere	wiktionary-ok	zwingen; versammeln	:[1] zusammenbringen, zusammentreiben :[2] zwingen 
250	numquam	wiktionary-ok	niemals; nie	:[1] niemals, nie :[2] als starke Negation: nie und nimmer, nimmermehr, nimmer, im Leben nicht, sicherlich nicht, mit Sicherheit nicht 
251	prīmum	wiktionary-ok	zuerst; zum ersten Mal	:[1] temporal: zuerst, zunächst :[2] temporal: zum ersten Mal, erstmals 
252	morī	georges-ok	sterben	[1008] morior , mortuus sum, moritūrus, morī (wie mors von Wz. mor), sterben, I) eig., v. lebenden Wesen, sterben, v. Tieren auch = verrecken, krepieren, bes. vom Bilde = verenden, ii qui iam sunt mortui (Ggstz. ii qui vivunt), Cic.: moriendum est mihi, Sen. rhet.: cum mori coepisset, als er im Sterben lag, Vopisc.: murena in piscina domi suae mortua, Macr.: canis aeditui mortua, Iul. Obsequ.: mor
253	carmen	wiktionary-ok	Lied; Gedicht	:[1] Lied, Gesang :[2] Gedicht, Dichtung, Vers :[3] Klang, Spiel, Musik :[4] Weissagung, Orakelspruch :[5] Zauberspruch :[6] Spruch, Formel (Eides-, Gebets-, Gesetzesformel) :[7] Inschrift, Aufschrift :[8] Vogelgesang :[1] die Krempel, der Wollkamm 
254	tēlum	georges-ok	Geschoss; Waffe; Speer	[3041] tēlum , ī, n. (tendo), die Fernwaffe, Wurfwaffe, das Geschoß, der Spieß usw. (Ggstz. arma, s. armano. II), dann übh. jede Angriffswaffe, Schwert, Dolch, Axt usw., I) eig. u. übtr.: 1) eig.: a) übh.: arma atque tela militaria, Sall.: arma, tela, equos parare, Sall.: tela intendere, excipere, Cic. – b) v. Geschosse, nubes telorum, Liv.: missus (das Werfen) telorum, Auct. b. Hisp.: tela mitter
255	ratiō	wiktionary-ok	Vernunft; Überlegung; Art und Weise; Berechnung	:[1] Rechnung, Berechnung :[2] Rechenschaft :[3] Verzeichnis, Liste :[4] Summe, Zahl :[5] Angelegenheit :[6] Geldgeschäft :[7] Geschäftsangelegenheit :[8] Vorteil, Interesse :[9] Verhältnis :[10] Beziehung, Verbindung, Verkehr :[11] Denkart, Ansicht, Meinung :[12] Erwägung :[13] Beachtung, Berücksichtigung :[14] Rücksicht :[15] Vernunft :[16] Einsicht, Überlegung :[17] (vernünftiger) Beweggrund :[
256	umbra	wiktionary-ok	Schatten	:[1] Bereich, an den kein direktes Licht gelangt; Schatten 
257	ars	wiktionary-ok	Kunst; Geschicklichkeit; Fertigkeit	:[1] abstrakt: die Kunst, die Wissenschaft :[2] anschaulich: Kunstwerk :[3] Fähigkeit: Kunstfertigkeit, Geschick, Geschicklichkeit 
258	tot	wiktionary-ok	so viele	:[1] in dieser Anzahl oder Menge; so viele 
259	dexter	wiktionary-ok	rechts	:[1] Gegenteil von links: rechts, auf der rechten Seite (gelegen) :[2] poetisch: als glückliches Anzeichen rechts erscheinend = Glück bringend :[3] poetisch: passend, recht, günstig (Gegenteil von ungünstig) :[4] geschickt 
260	sīgnum	wiktionary-ok	Zeichen; Feldzeichen; Statue	:[1] Zeichen, Feldzeichen, Banner, Wappen, Siegel, Merkmal, Vorzeichen, Signal 
261	laetus	wiktionary-teilweise	froh; fröhlich; fruchtbar	:[1] fröhlich, vergnügt, heiter :[2] wohlgenährt :[3] üppig, ergiebig :[4] begünstigend, beglückend, Glück verheißend, günstig 
262	quālis	wiktionary-ok	wie beschaffen?; was für ein	:[1] von welcher Art, von welcher Beschaffenheit; welcher, was für ein :[2] von der Art wie, von der Beschaffenheit wie; wie 
263	lēx	wiktionary-ok	Gesetz	:[1] allgemein: das Recht, das Gesetz, die Gesetzessammlung :[2] der Vertrag, die Bedingung :[3] der Gesetzesvorschlag, der Gesetzesantrag :[4] die Vorschrift, die Regel :[5] Christentum, Judentum: die Thora, die fünf Bücher Moses, das Gesetz 
264	perīculum	wiktionary-ok	Gefahr	:[1] Gefahr, Wagnis :[2] Versuch, Probe :[3] Probstück, Probeschrift :[4] Prozess, Anklage :[5] Gerichtsprotokoll 
265	nāscī	wiktionary-ok	geboren werden; entstehen	:[1] geboren werden (von der Frau aus) :[2] gezeugt werden (vom Mann aus) :[3] entspringen, entstehen :[4] wachsen, gedeihen, vorkommen 
266	exercitus	wiktionary-ok	Heer	:[1] eingeübte Mannschaft, Heer, Schlachtreihe, Truppen :[2] Landheer, Fußvolk, Infanterie :[3] poetisch: Menge, Schar, Schwarm 
267	perīre	wiktionary-ok	zugrunde gehen; umkommen	:[1] gewaltsam ums Leben kommen, zu Grunde gehen, vergehen, verderben :[2] verloren gehen, vergeudet werden :[3] erlöschen (Anspruch, Recht etc.) 
268	ventus	wiktionary-ok	Wind	:[1] Meteorologie: der Wind :[2] metaphorisch: die Unruhe, der Sturm 
269	audēre	wiktionary-ok	wagen	:[1] meist verneint: Lust haben, bereit sein, vorhaben :[2] meist mit Infinitiv: den Mut aufbringen, um etwas zu tun; wagen, sich erdreisten 
270	contrā	wiktionary-ok	gegen	:[1] räumlich: gegenüber :[2] übertragen: andererseits :[1] räumlich: gegenüber :[2] übertragen: wider 
271	aqua	wiktionary-ok	Wasser	:[1] Wasser 
272	rapere	georges-ok	rauben; an sich reißen	[2195] rapio , rapuī, raptum, ere (vgl. ἁρπ-άζω, altind. rápaḥ, das Gebrechen, ahd. refsen, züchtigen, strafen), raffen, I) im allg.: A) eig.: a) (poet.) etwas an sich raffen, anraffen, erraffen, aufraffen, entraffen, wegraffen = haftig od. eilig ergreifen, -an sich nehmen, arma (manu), Verg.: bipennem dextrā, Verg.: so rapta hasta, raptum telum, Verg. – flammam in fomite, schnell auf dem Zunder a
273	simul	wiktionary-ok	zugleich; gleichzeitig	:[1] temporal: zugleich 
274	trīstis	wiktionary-ok	traurig; finster	:[1] nicht fröhlich; traurig, betrübt, verdrießlich :[2] einen unangenehmen Geschmack oder Geruch habend; widerlich, herb, bitter 
275	mūnus	wiktionary-ok	Aufgabe; Amt; Geschenk	:[1] Bestimmung, Funktion, Aufgabe, Amt, Dienst, Posten :[2] Last, Abgabe, Leistung :[3] Gefälligkeit, Liebesdienst, Gnade :[4] letzter Liebesdienst, Bestattung :[5] Geschenk, Gabe :[6] Opfer, Opfergabe :[7] Festspiele, Gladiatorenspiele, öffentliches Schauspiel :[8] öffentliches Gebäude (meist Kulturgebäude wie Theater etc.) :[9] Wunderwerk des Weltalls („Wunder der Schöpfung“, im Sinne einer nat
276	iuvenis	georges-ok	junger Mann	[506] iuvenis , is, c. (zu altindisch yúvant-, jung), jung, jugendlich, I) adi.: maritus, Tibull.: filius, Quint.: liberi, Tac.: anni, Jugendjahre, Ov.: ovis, Colum.: Compar. iuvenior, Plin. ep. u. Tac.: [506] u. iūnior, Hor. u. Liv.: aetate iuvenior, Apul.: Ggstz., alius senior est, alius iuvenior, Sen. ep. 66, 34: de his (declinationibus) aliae sunt priscae ut ›Bacchideis‹ et ›Chrysideis‹, aliae
277	fāma	georges-ok	Gerücht; Ruf; Ruhm	[2680] fāma , ae, f. (φήμη dor. φάμα), das Gerede der Menge, I) das erzählende, berichtende Reden-, Gerede der Leute, das Gerücht, der Ruf, die Sage, die Tradition, auch die geschichtliche Überlieferung (s. Wölffl. Liv. 21, 1, 4), fama rerum, die Geschichte, Tac.: exercitus (über die Ankunft des H.), Hirt. b. G.: istius suspicionis, Cic.: ad primam famam valetudinis, Suet. – ad Labienum per Remos 
278	adesse	wiktionary-ok	da sein; anwesend sein; helfen	* :[1] an demselben Ort sein, wie der Sprecher; anwesend sein, zugegen sein, da sein :[2] an einem genannten Ort sein; zugegen sein, da sein :[3] zur Hand sein, griffbereit sein :[4] in einer bestimmten Funktion zugegen sein, erscheinen :[5] als Zuhörer oder Zuschauer an einem bestimmten Ort sein; anwesend sein :[6] als Teilnehmer bei einer Handlung sein; da sein, teilnehmen, beiwohnen :[7] nach e
279	quisquam	wiktionary-ok	irgendjemand; irgendetwas	:[1] substantivisch: irgendjemand, jemand, irgendeiner :[2] adjektivisch: irgendein, ein 
280	vērō	unbelegt	aber; in der Tat; wirklich	
281	pār	wiktionary-ok	gleich; ebenbürtig	:[1] einander gewachsen, ebenbürtig, gleichwertig, gleich 
282	vester	wiktionary-ok	euer	:[1] Possessivpronomen 2. Person Plural: euer 
283	flūmen	wiktionary-ok	Fluss; Strom	:[1] großes fließendes Gewässer; Fluss 
284	quīcumque	wiktionary-ok	wer auch immer; jeder, der	:[1] jeder mögliche; wer auch immer, jeder, der 
285	certus	wiktionary-ok	sicher; gewiss; bestimmt	:[1] getrennt :[2] entschieden, feststehend, festgesetzt :[3] gewiss, sicher, zuverlässig :[4] wahr, wirklich, unzweifelhaft, entschieden 
286	fortis	wiktionary-ok	tapfer; stark	:[1] stark, kräftig, rüstig, fest :[2] mutig, tapfer, energisch, kühn, forsch :[3] gewaltsam 
287	placēre	wiktionary-ok	gefallen	:[1] jemandem gefallen :[2] Gefallen bei den Zuschauern finden; gefallen :[3] für gutheißen, für etwas stimmen, beschließen 
288	vertere	wiktionary-ok	wenden; drehen; verwandeln	:[1] wenden :[2] drehen, umkehren :[3] abwenden :[4] fliehen :[5] wechseln :[6] Schriftstücke übersetzen 
289	servāre	wiktionary-ok	retten; bewahren; beobachten	:[1] unversehrt erhalten, (er)retten :[2] bewachen, (be)hüten :[3] etwas bewahren, aufrechterhalten, beibehalten, (er)halten, einhalten :[4] beobachten 
290	honor	georges-ok	Ehre; Ehrenamt	[3071] honor , s. honōs. Quelle: Karl Ernst Georges: Ausführliches lateinisch-deutsches Handwörterbuch. Hannover 8 1913 (Nachdruck Darmstadt 1998), Band 1, Sp. 3071. Permalink: http://www.zeno.org/nid/20002417332 Lizenz: Gemeinfrei Faksimiles: 3071 Kategorien: Wörterbuch Ähnliche Einträge in anderen Lexika Hederich-1770 : Honor Herder-1854 : Fuentes d'Honor Meyers-1905 : Virtus et honor Pierer-185
291	dīgnus	wiktionary-ok	würdig; wert	:[1] würdig, wert :[2] angemessen, zukommend, geziemend 
292	cūnctus	wiktionary-ok	ganz; gesamt; Pl.: alle	:[1] im Singular meist mit Kollektiven: alle(s) zusammen, zu einem Ganzen vereinigt/versammelt, insgesamt, ganz :[2] Plural: alle (zusammen) 
293	tollere	wiktionary-ok	aufheben; erheben; beseitigen	:[1] aufheben, in die Höhe heben :[2] sich erheben, stolz werden :[3] wegheben, wegnehmen, entfernen, beseitigen 
294	negāre	georges-ok	verneinen; leugnen; verweigern	[1131] nego , āvī, ātum, āre (viell. v. ne u. aio), I) intr. nein sagen (Ggstz. aio), negat quis: nego; ait: aio, Ter.: Diogenes ait, Antipater negat, Cic. – m. Dat. pers., jmdm., mit Dat. rei, auf etw. eine abschlägige Antwort geben, saepius idem roganti, Cic.: petitioni, Trai. in Plin. ep.: cenis, Mart.: übtr., v. lebl. Subjj., illi membra negant, Stat.: saxa negantia ferro, Stat. – II) tr. etwa
295	vetus	wiktionary-ok	alt	:[1] alt, bejahrt, ergraut, alterprobt, erfahren :[2] lange bestehend, alt :[3] ehemalig, vormalig, früher 
296	eques	wiktionary-ok	Reiter; Ritter	:[1] Reiter :[2] Ritter :[3] der Springer (Spielfigur) 
297	trādere	wiktionary-ok	übergeben; überliefern	:[1] übergeben, abgeben, einhändigen :[2] überlassen, übergeben, anvertrauen, preisgeben :[3] überliefern, erzählen, mitteilen 
298	flamma	wiktionary-ok	Flamme; Feuer	:[1] Flamme, Feuer :[2] Fackel :[3] Blitz :[4] Sternschnuppe :[5] Glut, Feuer, Heftigkeit, Liebesglut :[6] Geliebte 
299	lūx	wiktionary-ok	Licht; Tageslicht	:[1] Licht, Sonnenlicht :[2] Tageslicht, Tag :[3] Himmelskörper :[4] Lebenslicht, Leben :[5] Augenlicht, die Augen :[6] Erleuchtung, Aufklärung :[7] Hilfe, Rettung, Heil :[8] Sonne, Glanzpunkt, der leuchtende Mittelpunkt 
300	unde	georges-ok	woher	[3299] unde , Adv. (urspr. cunde), von wo her, woher, I) eig., von örtlichen Verhältnissen, 1) korrelativ: inde venit, unde mallem, Cic.: quam ibi, unde huc translata essent, Cic.: ut eo restituerentur, unde deiecti essent, Cic.: ut aliae (naves) eodem, unde erant profectae, referrentur, Caes.: Latobrigos in fines suos, unde erant profecti, reverti iussit, Caes.: loca superiora, unde etc., Caes.: 
301	redīre	wiktionary-ok	zurückkehren; zurückgehen	:[1] zurückgehen, zurückkehren, wiederkehren, zurückkommen 
302	sentīre	wiktionary-ok	fühlen; wahrnehmen; meinen	:[1] fühlen, empfinden, wahrnehmen; etwas Lästiges schmerzlich empfinden, erleiden :[2] geistig merken, wahrnehmen, einsehen :[3] eine Ansicht oder Gesinnung haben, denken, urteilen :[4] etwas ansehen als etwas; etwas für etwas halten (mit doppeltem Akkusativ) 
303	aurum	wiktionary-ok	Gold	:[1] das Gold :[2] ::[a] goldenes Geschirr (etwa Schale, Becher) ::[b] goldener Schmuck (etwa Kette) ::[c] Goldmünze :[3] Goldfarbe, Goldglanz, Goldschimmer 
304	cēdere	wiktionary-ok	weichen; gehen; nachgeben	:[1] gehen, weichen 
305	quō	wiktionary-ok	wohin; wo; wodurch	:[1] an welchen Ort, wohin 
306	saxum	wiktionary-ok	Fels; Stein	:[1] Felsen, Felsbrocken, Felsstück, großer Stein 
307	-ve	unbelegt	oder	
308	aetās	wiktionary-ok	Alter; Zeitalter; Zeit	:[1] Zeit, die jemand bereits gelebt hat; Lebensalter, Alter :[2] eine bestimmte Zeitspanne; Zeitalter, Lebenszeit 
309	fēlīx	wiktionary-ok	glücklich; erfolgreich	:[1] fruchtbar :[2] glücklich, beglückt, begünstigt :[3] glückbringend, beglückend, verheißend, günstig 
310	loquī	wiktionary-ok	sprechen; reden	:[1] sprechen, sagen 
311	quantus	wiktionary-ok	wie groß; wie viel	:[1] von welchem Ausmaß; wie groß, wie viel :[2] von dem Ausmaß wie; so groß wie, so viel 
312	coepisse	wiktionary-teilweise	begonnen haben; anfangen	*intransitiv :[1] anfangen, beginnen, den Anfang nehmen *transitiv :[2] anfangen, beginnen, unternehmen 
313	igitur	wiktionary-ok	also; folglich	:[1] dann, in diesem Fall :[2] also, demnach, folglich 
314	iūs	wiktionary-ok	Recht	* :[1] Recht (Satzung, Inbegriff von Gesetzen und Verordnungen) :[2] das Recht (richterliche Entscheidungen) :[3] übertragen: das Gericht (Gerichtshof, Gerichtsstätte) * :[4] die Rechtsnorm :[5] rechtliche Befugnis, (persönliches) Recht, Anspruch, Vorrecht :[1] Brühe, Suppe, Tunke 
315	mūtāre	wiktionary-ok	ändern; verändern; tauschen	:[1] wegbringen, fortbringen, entfernen, vertreiben :[2] wechseln, tauschen, vertauschen, eintauschen :[3] ändern, verändern 
316	invenīre	georges-ok	finden; erfinden	[419] in-venio , vēni, ventum, īre, I) auf etwas kommen, stoßen, jmd. od. etwas (zufällig) finden, antreffen, entdecken, A) eig.: 1) im allg.: alqm, Cic. u.a.: naves, Caes.: m. dopp. Acc., in agro populabundum hostem, Liv. 3, 4, 7: im Passiv mit dopp. Nom., P. Scipio Africanus mortuus in cubiculo inventus est, Liv. epit. 59 extr. – 2) insbes., lesend (in einer Schrift) finden, geschrieben finden, 
317	prīnceps	wiktionary-ok	der Erste; Anführer; Kaiser	:[1] der Erste :[2] der Erste, der Vornehmste, der Angesehenste :[1] der Erste :[2] der Vornehmste, der Angesehenste :[3] Urheber, Begründer :[4] Gebieter, Fürst, Regent 
318	ops	wiktionary-ok	Hilfe; Kraft	:[1] die Fähigkeit zu helfen, die Hilfe, der Beistand :[2] die Mittel, das Vermögen, der Reichtum :[3] der Einfluss, die Macht :[4] der Reichtum 
319	recipere	georges-ok	aufnehmen; zurücknehmen	[2222] recipio , cēpī, ceptum, ere (re u. capio), I) zurücknehmen, [2222] A) = zurückziehen, -holen, -bringen u. dgl., 1) eig.: a) lebl. Obj.: ensem, wieder herausziehen, Verg.: u. so sagittam ex altera parte, Cels. – spiritum, zurück-, einziehen, Quint. – ad limina gressum, sich zurückbegeben zu usw., Verg. – b) persönl. Objj.: alqm medio ex hoste, zurück, herausholen, Verg. Aen. 6, 111. – bes. a
320	sōl	wiktionary-ok	Sonne	:[1] die Sonne als Himmelskörper :[2] die Sonne im Sinne von Sonnenlicht, Sonnenschein, Sonnenwärme / Hitze, Tageslicht :[3] ein sonniger Tag :[4] Stern, Glanzpunkt :[5] Sol (personifiziert): der Sonnengott :[6] öffentliche Tätigkeit, Auftreten in der Öffentlichkeit :[7] etwas Bedeutendes, beispielsweise eine bedeutende Persönlichkeit 
321	cōnsul	wiktionary-ok	Konsul	:[1] höchster Magistrat in Rom; der Konsul :[2] Jahresangabe, in der jemand Konsul war; Konsulatsjahr 
322	orbis	wiktionary-ok	Kreis; Erdkreis	:[1] der Kreis, das Rund, die Rundung :[2] der Umkreis, der Kreislauf :[3] die runde Fläche, die Kreisfläche :[4] die Erde, der „Erdkreis“, das „Erdenrund“ 
323	turba	wiktionary-teilweise	Menge; Schar; Verwirrung; Lärm	:[1] die Verwirrung :[2] die Unruhe :[3] der Lärm :[4] der Schwarm 
324	ager	wiktionary-ok	Acker; Feld; Gebiet	:[1] Acker, Feld, Grundstück :[2] freies Feld, flaches Land :[3] geografisch oder politisch abgegrenztes Stück Land; Gebiet, Land 
325	solvere	georges-ok	lösen; befreien; bezahlen	[2723] solvo , solvī, solūtum, ere (se u. luo), lösen, I) etwas An- od. Zusammengebundenes ab-, auflösen, los-, aufbinden, los-, aufwickeln, A) eig. u. übtr.: 1) eig.: funem a stipite, Ov.: corollas de nostra fronte, Prop. – a corpore brachia od. nexus, Ov.: vinculum epistulae, Curt.: vincla iugis (boum), Tibull.: catenas, Ov.: frenum, Phaedr.: crines, capillos, Tibull., Hor. u.a.: tunicas, Tibull
326	vitium	wiktionary-ok	Fehler; Laster	:[1] Fehler, Schaden, Gebrechen :[2] Fehltritt, Missgriff :[3] Schuld :[4] Laster, Vergehen 
327	vulnus	wiktionary-ok	Wunde	:[1] offene Stelle in der Haut; die Wunde, Verwundung, Verletzung 
328	inde	wiktionary-ok	von dort; dann; daher	:[1] von diesem Ort; von dort, von da 
329	senātus	wiktionary-ok	Senat	:[1] römische Politik: der Senat 
330	ūtī	wiktionary-ok	benutzen; gebrauchen	* mit Objekt im Ablativ, selten auch mit dem Akkusativ: :[1] etwas gebrauchen, anwenden, verwenden, benutzen, sich etwas zunutze machen, von etwas Gebrauch machen, einer Sache sich bedienen :[2] positiv: etwas genießen, sich einer Sache erfreuen * Nebenform zu ut * Nebenform zu ut 
331	cōpia	wiktionary-ok	Menge; Vorrat; Möglichkeit	:[1] Vorrat, Fülle, Menge :[2] Reichtum, Überfluss :[3] Lebensmittel, Vorräte :[4] Vermögen, Wohlstand :[5] Truppen 
332	opus	wiktionary-ok	Werk; Arbeit	:[1] die Arbeit, die Beschäftigung :[2] das Werk, die fertige Arbeit :[3] die Tat, das Tun :[4] die Handarbeit, die Kunst :[5] die Mühe, die Anstrengung 
333	colere	wiktionary-ok	bebauen; pflegen; verehren; bewohnen	:[1] bebauen, bestellen, bearbeiten, pflegen (das Feld, den Weinberg) :[2] bewohnen :[3] jemanden pflegen :[4] ziehen :[5] sorgen, Sorge tragen :[6] pflegen, schmücken :[7] ausbilden, veredeln :[8] verehren, anbeten 
334	vōtum	wiktionary-ok	Gelübde; Wunsch	:[1] Gelübde, Gelöbnis :[2] Gelobte (z.B. Hochzeit, Ehe) :[3] Wunsch, Verlangen 
335	iugum	georges-ok	Joch; Bergrücken	[488] iugum , ī, n. ( zu iungo; altind. yugám, griech. ζυγόν, gotisch juk, ahd. juh), I) das Joch der Ochsen, das Kummet der Pferde usw., A) eig. u. meton.: 1) eig.: iug. asinarium, Cato.: iuga imponere bestiis (i.e. bubus), Cic.: demere iuga equis, Ov.: frena ferre iugo, v. Pferden, Verg.: leones iugo subdere, Plin. – 2) meton.: a) ein Gespann, i. boum, Plin.: absol., multa [488] iuga, Cic. – u. 
336	quā	georges-ok	wo; auf welchem Weg; wie	[2110] quā , Adv. (als Abl. v. qui, quae, quod), I) auf der Seite wo, da wo, wohin, ad omnes aditus, qua adiri poterat, Cic.: duae viae, qua ad hibernacula posset perveniri, Nep.: qua intenderat, [2110] Liv.: qua res inclinatura esset, Liv.: qua prospici poterat, so weit die Blicke reichten, Curt. – korresp., ea... qua, Caes.: qua... ea, Liv.: eadem... qua, Nep. u. Liv. – II) übtr.: A) partitiv: q
337	tellūs	georges-ok	Erde; Land	[3040] tellūs , ūris, f. (vgl. altind. talam, Fläche, ahd. dili, Brett, Diele), I) die Erde, als Körper betrachtet, 1) eig., Cic. u.a.: telluris hiatu, Liv. epit.: nunc solida est tellus, sed lacus ante fuit, Ov. – insbes.: a) der Fußboden, adoperta marmore, Ov.: molli tellus erat umida musco, Ov.: quo (sanguine) late tellas madefacta tepebat, Ov. – b) die Erde, insofern sie bebaut wird und Frücht
338	numerus	wiktionary-ok	Zahl; Anzahl; Menge	:[1] Zahl :[2] das Glied, der Teil :[3] der Takt, der Rhythmus, der Verstakt, der Vers :[4] die Zahl, die Anzahl, die Reihe, die Menge :[5] übertragen: der Wert, die Stellung, die Geltung :[6] Militär: die Abteilung :[7] Grammatik: die Zahl, der Numerus 
339	cōgnōscere	georges-ok	erkennen; kennenlernen; erfahren	[1243] cō-gnōsco , gnōvī, gnitum, ere (co und gnōsco = nōsco), einen Ggstd. kennen lernen, erkennen (auch = erproben ), wahrnehmen, bemerken, vernehmen, erfahren, ersehen, zur Kenntnis od. Erkenntnis einer Sache gelangen, von etw. unterrichtet werden od. sich unterrichten, u. im Perf. auch = kennen, wissen, durch sinnliche od. geistige Wahrnehmung, durch Autopsie, Lektüre, Umgang, Erfahrung, Studi
340	victor	wiktionary-ok	Sieger	:[1] Person, die einen Sieg davonträgt: Sieger :[2] als Apposition: siegreich 
341	satis	wiktionary-ok	genug; ziemlich	:[1] genug, genügend, hinlänglich, ausreichend 
342	patria	wiktionary-ok	Heimat; Vaterland	:[1] Vaterland, Vaterstadt, Heimat 
343	seu	wiktionary-ok	oder wenn	:[1] konditional: oder wenn :[2] konditional, in Reihung: sei es, dass … oder dass; wenn entweder … oder wenn 
344	cāsus	wiktionary-ok	Fall; Zufall; Unglück	:[1] Fallen, Sturz :[2] grammatischer Fall, Kasus :[3] Vorfall, Zufall, Ereignis :[4] Verfall, Untergang, Tod 
345	frangere	wiktionary-ok	brechen; zerbrechen	:[1] brechen, zerbrechen :[2] hemmen, schwächen, vermindern :[3] entkräften, bändigen, zähmen, entmutigen, demütigen 
346	cīvitās	wiktionary-ok	Staat; Gemeinde; Bürgerrecht	:[1] Recht: Bürgerrecht, Bürgerschaft :[2] organisierter Verbund von Bürgern; Bürgerschaft :[3] Gesamtheit der Menschen, die in einem Verbund leben; Bürgerschaft :[4] eine Stadt und ihre Gebiete oder auch mehrere Städte umfassender Staat :[5] metonymisch: Stadt :[6] metonymisch, speziell: Rom 
347	nōscere	wiktionary-teilweise	kennenlernen; erkennen	:[1] erkennen 
348	proelium	wiktionary-ok	Kampf; Schlacht	:[1] der Kampf, die Schlacht, das Gefecht :[2] der Krieg :[3] der Kämpfer, der Krieger 
349	ēripere	georges-ok	entreißen; retten	[2453] ē-ripio , ripuī, reptum, ere (ex u. rapio), herausreißen, fortreißen, entreißen, rasch od. gewaltsam entziehen, bei Ang. von wo? konstr. mit ex, ab, de u. Abl., od. m. bl. Abl., bei Ang. wem? m. Dat., I) im allg.: tibias ex ore, Plaut.: alqm ex equo, Liv.: flagrantem torrem ab igne, Ov.: alqm domo, Ter.: vaginā ensem, ferrum, Verg. – familiaris sui subalare telum, heraus (aus dessen Gewande
350	mundus	wiktionary-ok	Welt; Weltall	:[1] die (sichtbare) Welt, das Weltall :[2] astronomisch: der Himmel, Himmelskörper (Kometen et cetera) :[3] die Erde, der Erdkreis :[4] poetisch: „die Welt“ im Sinne von die Menschheit, die Menschen (allgemein) :[5] Toilettenartikel; Putz der Frauen :[1] sauber, rein, reinlich :[2] fein, geschmückt, schmuck, nett 
351	cursus	wiktionary-ok	Lauf; Kurs; Fahrt	:[1] Lauf, schnelle Bewegung :[2] Eile, Schnelligkeit :[3] Laufschrritt, Sturmschritt :[4] Bahn der Himmelskörper :[5] Kurs, Richtung :[6] Verlauf, Gang :[7] Wettlauf, Wettrennen :[8] Laufbahn, Karriere :[9] Ritt :[10] Seefahrt, Seereise :[11] Flug :[12] Strömung :[13] Streben (nach einem Ziel) 
352	vix	wiktionary-ok	kaum; mit Mühe	:[1] nur mit Mühe; kaum 
353	nāvis	wiktionary-ok	Schiff	:[1] das Schiff :[2] das Kirchenschiff 
354	lacrima	wiktionary-ok	Träne	:[1] Träne, Zähre 
355	hūmānus	wiktionary-ok	menschlich; gebildet	:[1] sich auf den Menschen beziehend, zum Menschen gehörig; menschlich :[2] übertragen: menschlich, menschenfreundlich, leutselig, freundlich :[3] übertragen: gebildet, kultiviert :[1] Mensch 
356	mollis	wiktionary-ok	weich; sanft; zart	:[1] weich :[2] lind, mild :[3] geschmeidig, elastisch :[4] empfänglich (für Eindrücke), nachgiebig :[5] verweichlicht 
357	manēre	wiktionary-ok	bleiben; erwarten	:[1] intransitiv: sich nicht von einem Ort bewegen; bleiben 
358	āgmen	georges-ok	Zug; Heereszug; Schar	[255] agmen , minis, n. (v. ago; vgl. altind. ájman, ›Bahn, Zug‹), der Zug, sowohl die Bewegung, als die sich bewegende Menge od. Masse, I) im allg.: 1) lebender Wesen: a) von Menschen, der Zug, Trupp, die Schar, agmen perpetuum totius Italiae, Cic.: stipatus agmine patriciorum, Liv.: hominum turba mulierum puerorumque agminibus immixta, Liv.: magnus comitatus fuit regius cum amicorum tum satellit
359	sīdus	wiktionary-ok	Stern; Sternbild	:[1] der Stern :[2] das Sternbild, die Sterngruppe :[3] im Plural: der Tierkreis 
360	glōria	wiktionary-ok	Ruhm; Ehre	:[1] Ruhm, Ehre :[2] metonymisch: Ruhmestat :[3] metonymisch: etwas, das Ruhm bringt; Ruhm, Ehre, Zierde :[4] Ruhmbegierde, Ruhmsucht, Ehrgeiz :[5] im negativen Sinne: eitle Ruhmsucht, Prunksucht, Prahlerei 
361	diū	wiktionary-ok	lange	:[1] bei Tage :[1] lange (Zeit), einige Zeit lang :[2] seit langer Zeit 
362	sīve	wiktionary-ok	oder wenn	:[1] konditional: oder wenn :[2] konditional, in Reihung: sei es, dass … oder dass; wenn entweder … oder wenn 
363	tamquam	wiktionary-ok	wie; gleichsam; als ob	:[1] sowie, gleichwie, gleichsam :[1] weil angeblich :[2] als ob, wie wenn 
364	fuga	wiktionary-ok	Flucht	:[1] Flucht :[2] Flüchtlinge :[3] Fluchtmöglichkeit :[4] Landesflucht, Verbannung, Exil 
365	tūtus	georges-ok	sicher; geschützt	[3272] tūtus , a, um, PAdi. (v. tueor), I) passiv, sicher, wohlverwahrt, außer Gefahr, gefahrlos, iter, Hor.: locus, Cic.: res, Cic.: vita, Iustin.: mens male tuta, Geisteszerrüttung, Hor.: consiliis et laboribus tutiorem vitam hominum reddere, Cic.: alqm tutum dimittere, Sen. – tutior receptus, Caes.: sic existimabat tutissimam fore Galliam, Hirt. b.G.: id tutissimum est, Ter.: medio tutissimus i
366	auris	wiktionary-ok	Ohr	:[1] Ohr 
367	aliēnus	wiktionary-ok	fremd	:[1] jemand anderen betreffend, jemand anderem gehörend; fremd 
368	hūc	wiktionary-ok	hierher	:[1] lokal: hierher, hierhin 
369	tacēre	wiktionary-ok	schweigen; verschweigen	:[1] schweigen :[2] verschweigen 
370	legiō	wiktionary-ok	Legion	:[1] Militär: Heeresabteilung im römischen Reich, die aus 4200 bis 6000 Fußsoldaten besteht; Legion :[2] Militär: Heeresabteilung bei anderen Völkern; Truppe 
371	ostendere	wiktionary-ok	zeigen; erklären	:[1] sehen lassen, zeigen, darbieten :[2] in Aussicht stellen :[3] entgegenhalten, halten, vorhalten, entgegenhalten 
372	socius	wiktionary-ok	Gefährte; Verbündeter	:[1] gemeinsam, verbunden :[1] der Gefährte, Teilnehmer, Kamerad :[2] der Genosse, Bundesgenosse, (politisch-militärisch) Verbündeter 
373	prōdesse	wiktionary-ok	nützen	:[1] nützen, nützlich sein 
374	āra	wiktionary-ok	Altar	:[1] Altar :[2] das was einem bei [1] gewährt wird: Schutz, Zuflucht, Schirm :[3] gemauerte Erhöhung 
375	lūmen	wiktionary-ok	Licht; Auge	:[1] Licht 
376	tegere	georges-ok	bedecken; schützen; verbergen	[3037] tego , tēxi, tēctum, ere (altind. sthágati, verhüllt, griech. στέγω, Decke, στέγη, τέγη, Dach, Haus, ahd. decchin, Decke), I) decken, bedecken, A) im allg.: aedem, mit Ziegeln decken, Liv.: corpus eins (seinen Leichnam) suo pallio, Cic.: casas stramentis, Caes.: aedificia rudere, Auct. b. Alex.: arbores fronde tectae, Curt.: tabulata muros tegebant, Curt.: quarum (animantium) aliae coriis t
377	turpis	georges-ok	hässlich; schändlich	[3265] turpis , e (zu altindisch trápatē, schämt sich [= wendet sich ab]), häßlich, garstig, ungestaltet, entstellt (Ggstz. pulcher, formosus), I) eig.: a) von Aussehen, adspectus, Cic.: pes, Hor.: femina, Plaut.: vestitus, Ter.: asellus, Ov.: scabies, Verg.: turpia membra fimo, Verg.: turpes morbo viri, Hor., – b) garstig klingend, Cic. or. 158. – II) übtr., im moralischen Sinne, häßlich, garstig
378	voluptās	wiktionary-ok	Vergnügen; Lust; Freude	:[1] Vergnügen, Freude, Lust :[2] Sinnengenuss, Wollust :[3] Genusssucht :[4] Schauspiele, Lustbarkeiten :[5] meine Wonne 
379	adhūc	wiktionary-ok	bis jetzt; noch	:[1] zeitlich: seit einem vergangenem Zeitpunkt bis zum gegenwärtigen, aber nicht weiter: bis hierher, bisher, bis jetzt, bis dahin :[2] zeitlich: seit einem vergangenem Zeitpunkt bis zum gegenwärtigen und weiter: noch, noch immer, noch weiter, noch ferner :[3] zusätzlich: noch, noch mehr, außerdem 
380	grātia	wiktionary-teilweise	Dank; Gunst; Beliebtheit	:[1] Annehmlichkeit, Wohlgefälligkeit (im Wesen von Personen, in der Kunst und anderem) :[2] Gunst, Gefälligkeit (die man erweist), Gnade :[3] Gunst (die man bei anderen genießt), Beliebtsein :[4] Einfluss, Ansehen :[5] Liebesgabe (nach 1. Korinther 16,3) 
381	iniūria	georges-ok	Unrecht; Beleidigung	[281] iniūria , ae, f. (iniurius), jede widerrechtliche Handlung = das Unrecht, die Rechtsverletzung, Ungerechtigkeit, Gewalttätigkeit (vgl. Cic. de off. 1, 41), I) eig.: A) im allg.: iniuriam facere, Unrecht tun, Cic. poët.: iniuriam alci inferre od. imponere od. facere, Cic., od. offerre, Ter., od. afferre, Quint., od. in alqm immittere od. iacĕre, Cic., od. iniuriā alqm afficere, Ter.: iniuriam
382	latus	wiktionary-ok	Seite; Flanke	:[1] von größerer Ausdehnung in die Breite; breit, weit :[1] Seite des Körpers, Flanke 
383	dulcis	wiktionary-ok	süß; angenehm; lieb	:[1] geschmacklich wie Zucker oder Honig; süß :[2] übertragen: süß, angenehm, lieblich :[3] übertragen: liebreich, liebevoll, liebenswürdig, freundlich, gefällig, zärtlich 
384	postquam	wiktionary-ok	nachdem; seit	:[1] meist mit Indikativ Perfekt oder historischem Präsens; im Indikativ Plusquamperfekt nach Angaben eines Zeitunterschiedes zwischen der Haupt- und der Nebenhandlung (hierbei werden die Bestandteile „post“ und „quam“ oft getrennt voneinander verwendet): nachdem :[2] mit Indikativ Imperfekt oder Plusquamperfekt, wenn ein in der Vergangenheit länger andauernder Zustand bezeichnet werden soll; mit 
385	extrēmus	wiktionary-ok	äußerster; letzter	:[1] am Rand befindlich; äußerster, letzter 
386	tēctum	georges-ok	Dach; Haus	[3036] tēctum , ī, n. (v. tego), das Dach, I) eig.: tectum ac tegulae, Plaut.: tecta domorum, Lucr.: tecta murorum, Liv.: sub tectum congerere, unter Dach bringen, Cic.: tecto tenus exstructa loculamenta, Sen.: ex tectis fenestrisque prospectant et quid rei sit rogitant, Liv. – Insbes.: a) die Decke des Zimmers, cubiculi, Val. Max.: summum, Hor. – b) der Betthimmel, Hor. epod. 12, 12. – II) meton.
387	ingenium	wiktionary-ok	Begabung; Verstand; Charakter	:[1] Gemütsart, Sinnesart, Charakter, Temperament :[2] natürlicher Verstand, Scharfsinn, Begabung 
388	pāx	wiktionary-ok	Frieden	:[1] schnapp! :[2] vor- und nachklassisch: still! genug! basta! :[1] Friede, friedlicher Zustand, Pax :[2] nur Plural: Friedensvertäge, Friedensschlüsse :[3] übertragen: Ruhe (vor den Lebenden) :[4] Seelenruhe, Gemütsruhe :[5] Beistand, Gnade der Götter 
389	canere	wiktionary-ok	singen; besingen	:[1] singen :[2] krähen, krächzen, quaken :[3] ertönen, erschallen :[4] singen, besingen :[5] wahrsagen, verkünden 
390	iuvāre	wiktionary-ok	unterstützen; helfen; erfreuen	:[1] unterstützen, fördern, nützen :[2] förderlich sein :[2] erfreuen, erheitern, ergötzen 
391	campus	wiktionary-ok	Feld; Ebene	:[1] offene Fläche, Feld, nicht bebaute Ebene :[2] freier Platz für öffentliche Versammlungen :[3] Schlachtfeld :[4] Meeresfläche :[5] Platz zum Spielen und Erholen 
392	claudere	wiktionary-ok	schließen; einschließen	:[1] schließen, verschließen :[2] umzingeln, umschließen :[3] beendigen, beenden 
393	docēre	wiktionary-ok	lehren; unterrichten	:[1] lehren, unterrichten, belehren, unterweisen, nachweisen, zeigen 
394	excipere	georges-ok	aufnehmen; empfangen; ausnehmen	[2522] ex-cipio , cēpī, ceptum, ere (ex u. capio), I) herausnehmen, -ziehen, 1) eig.: alqm e mari, Cic.: telum e vulnere, Cels. – 2) übtr., a) ausnehmen, eine Ausnahme machen mit usw., alqd od. alqm, Cic.: excepto Cicerone, Sen. rhet.: hāc regiā causā exceptā, Cic.: m. Dat., dum sapiens iniuriae excipitur, wenn der W. von Beeinträchtigung ausgenommen wird, Sen. de const. sap. 9, 4; vgl. Tac. Agr. 
395	clārus	wiktionary-ok	hell; klar; berühmt	:[1] klar, hell, leuchtend, glänzend (die Augen ansprechend, Sterne, Licht, Edelsteine) :[2] laut, deutlich, weithinschallend (für die Ohren, z.B. Stimme) :[3] übertragen: klar, deutlich, verständlich (Meinung, Rede …) :[4] übertragen: berühmt, hervorstechend, angesehen, groß, ausgezeichnet, glänzend (berühmt im positiven Sinne) :[5] übertragen: bekannt, berüchtigt (bekannt im negativen Sinne) 
396	illīc	unbelegt	dort	
397	procul	wiktionary-ok	weit; in der Ferne	:[1] lokal und übertragen: weithin, in der Ferne; weit, fern von etwas: mit ab oder bloßem Ablativ :[2] aus der Ferne, von fern, weither :[3] zeitlich: lange vor etwas: mit Ablativ 
398	sacer	wiktionary-ok	heilig	:[1] (einer Gottheit) heilig, geweiht :[2] übertragen: geweiht, bestimmt für etwas :[3] einer unterirdischen Gottheit zur Vernichtung geweiht: verflucht, verwünscht; übertragen: abscheulich 
399	mora	wiktionary-ok	Aufschub; Verzögerung	:[1] Verzug, Verzögerung, Aufschub :[2] Aufenthalt, Rasttag :[3] Zeitraum :[4] Hindernis, Hemmnis :[1] More, Abteilung des spartanischen Heeres aus vierhundertbis neunhundert Mann 
400	longē	wiktionary-ok	weit; bei weitem	:[1] an einen entfernten Ort; weit :[2] nicht in der Nähe; weit, weit entfernt, fern :[3] in großem Maße; weit, bei weitem/bei Weitem, weitaus 
401	super	wiktionary-teilweise	über; oberhalb	:[1] oben, oberhalb 
402	errāre	wiktionary-ok	irren; umherirren	:[1] intransitiv: umherirren, umherschweifen, umherstreifen :[2] intransitiv: irren, sich irren 
403	sēdēs	wiktionary-ok	Sitz; Wohnsitz	:[1] Möbelstück zum Sitzen; Sitz, Stuhl, Sessel, Bank, Thron 
404	cūr	wiktionary-ok	warum	:[1] warum? :[2] weshalb? :[3] wieso? :[4] wozu? 
405	coma	wiktionary-ok	Haar	:[1] Haar, Haupthaar :[2] Haar an Pflanzen, Pflanzenhaar :[3] Laub, Ähren, Gras, Stängel :[4] Wolle der Schafe :[5] Lichtstrahl, Sonnenstrahl, Feuerstrahl :[1] schwerer bewußtloser Zustand, Koma 
406	āiō	wiktionary-ok	sagen; behaupten; ja sagen	:[1] Ja sagen, bejahen :[2] sagen, versichern, behaupten 
407	gaudēre	wiktionary-ok	sich freuen	:[1] eine innere Freude empfinden: froh sein, sich freuen :[2] sich über etwas freuen :[3] gegrüßt sein :[4] von Leblosem: lieben, gern haben, gern sehen, gern hören 
408	beātus	wiktionary-ok	glücklich; reich	:[1] glücklich, beglückt, zufrieden (Ablativ: „mit …“) :[2] begütert, wohlhabend, reich :[3] fruchtbar (Boden) :[4] poetisch: herrlich, prächtig :[5] christlich: selig (Personen) 
409	pervenīre	georges-ok	hinkommen; gelangen	[1660] per-venio , vēnī, ventum, īre, hinkommen, -gelangen, ankommen, anlangen, I) eig.: eo, Nep.: huc, Ov.: in fines Eburonum, Caes.: in summum montis, Ov.: in portum, Quint.: in tutum, Nep.: ad portam, Cic.: ad fontem, Plin.: ad tumulum, Ov.: ad regem, Ov.: unpers., huc ubi perventum est, Nep.: in castra, in hiberna perventum esse, Caes.: u. m. bl. Akk., ut vero infames scopulos perventum, Stat.
410	vērus	wiktionary-ok	wahr; echt	:[1] wahr, wirklich, echt :[2] aufrichtig, unverstellt 
411	incipere	wiktionary-ok	anfangen; beginnen	:[1] transitiv: anfangen, beginnen :[2] intransitiv, auch mit Infinitiv: den Anfang nehmen, anfangen, beginnen 
412	parcere	wiktionary-ok	schonen; sparen	:[1] transitiv oder intransitiv mit Dativ: schonen, sparen, sparsam sein mit etwas :[2] übertragen, intransitiv mit Dativ: zu erhalten suchen, nicht verletzen; schonen, verschonen :[3] übertragen, intransitiv mit Dativ oder Infinitiv: sich vor etwas hüten, sich vor etwas in Acht nehmen, etwas unterlassen :[4] übertragen, intransitiv mit Dativ: Rücksicht nehmen auf, berücksichtigen 
413	vestis	wiktionary-ok	Kleidung; Gewand	:[1] insgesamt: die Kleidung, Kleider, Tracht :[2] von einem einzelnen Kleidungsstück, Kleid, Gewand 
414	similis	wiktionary-ok	ähnlich	:[1] ähnlich 
415	caedēs	wiktionary-ok	Mord; Gemetzel	:[1] Morden, Ermordung, Mord :[2] Blutbad, Gemetzel :[3] Schlachten (besonders von Opfertieren), Erlegen :[4] die Getöteten, die Gefallenen, die Erschlagenen :[5] das vergossene Blut :[6] Mordanschlag 
416	ōrdō	wiktionary-ok	Ordnung; Reihe; Stand	:[1] gegenständlich: Reihe, Sitzreihe (Reihe der Sitze oder Bänke im Theater), Lage, Schicht :[2] militärisch: ::— (abstrakt: Militär-Gruppierung, Legion) Glied, Zenturie, Abteilung, Abteilungsglied, Kompanie ::— (personifiziert) der Hauptmann selbst :[3] politisch-gesellschaftlich: Stand, Klasse, Rang, Stellung :[4] abstrakt: Ordnung, gehörige Reihenfolge, Anordnung, Regel ::— übertragen: Verfass
417	optāre	georges-ok	wünschen; auswählen	[1377] opto , āvī, ātum, āre (Frequ. eines alten *opio, ere), sich etwas ausersehen, I) wählend = etwas sich ersehen, aussuchen, wählen, locum tecto, Verg. – m. folgendem Fragesatz, opta, utrum vis, Plaut.: ut optet, utrum malit cervices Roscio dare, an insutus in culleum per summum dedecus vitam amittere, Cic. – II) wünschend = wünschen, den Wunsch äußern, Verlangen tragen, verlangen, sich Hoffnu
418	virgō	wiktionary-ok	junge Frau; Mädchen; Jungfrau	:[1] Mädchen, Jungfrau 
419	legere	wiktionary-ok	lesen; sammeln; auswählen	:[1] zusammenlesen, sammeln :[2] aussuchen, auswählen, (auslesen) :[3] lesen, durchlesen, (vorlesen, ablesen, vortragen) :[4] durchfahren, durchsegeln, durchwandern 
420	aura	wiktionary-ok	Luft; Lufthauch	:[1] Luftzug, die Strömung der Luft :[2] Atem, Atemluft :[3] Luft, die ausgedünstet wird 
421	impetus	wiktionary-ok	Angriff; Ansturm; Schwung	:[1] Schwung, schneller Lauf :[2] feindlich: Angriff, Überfall :[3] beim Menschen: Begierde, Drang, Trieb, Leidenschaft, Laune 
422	fōrma	wiktionary-ok	Gestalt; Form; Schönheit	:[1] abstrakt: die Gestalt, die Figur, das Äußere :[2] konkret: das Gebilde, das Bild :[3] die Form10 
423	praestāre	wiktionary-ok	übertreffen; leisten; zeigen	:[1] andere übertreffen, die besten Eigenschaften aufweisen, voranstehen, überlegen sein :[2] besser sein oder besser handeln; übertreffen, überlegen sein, überragen :[3] wichtiger sein :[4] in einer größeren Menge vorhanden sein :[5] vorzüglicher sein, besser sein :[6] verleihen, gewähren 
424	aequor	georges-ok	Meer; Ebene	[191] aequor (arch. Nbf. aecor, Varr. sat. Men. 288), oris, n. (aequus), die Ebene = wagerechte Fläche, I) im allg.: aequ. speculorum, Lucr.: summo gelidi cubat aequore saxi, auf des gefrornen Gesteins geglätteter Fläche, Lucr.: aequ. ventris, Gell.: u. im Plur., patuli aequora mundi, Lucr. – II) insbes., 1) die Fläche des Gefildes, die Ebene, mit campi, aequore campi, Verg.: u. im Plur., plani ae
425	miscēre	wiktionary-ok	mischen; verwirren	:[1] vermischen vermengen :[2] vereinigen :[3] verwandelt werden in :[4] zurechtmischen :[5] hervorrufen, erregen, erzeugen :[6] verwirren, in Unordnung bringen 
426	spatium	wiktionary-ok	Raum; Strecke; Zeitraum	:[1] Raum :[2] Zwischenraum, Weite, Entfernung :[3] Weite, Umfang, Länge, Größe :[4] Strecke, Wegstrecke :[5] Bahn, Rennbahn, Umlauf :[6] Gang, Spaziergang, Spaziergebiet :[7] Zeitraum, Zeit, Zeitabschnitt :[8] Dauer, Länge (der Zeit) :[9] Zeit, Muße, Gelegenheit :[10] metrisches (oder rhetorisches) Zeitmaß 
427	tandem	georges-ok	endlich; schließlich	[3018] tandem , Adv. (entstanden aus tam und der Demonstrativendung dem), so weit eben, I) zur Bezeichnung, daß nach langer Erwartung etwas geschieht = endlich, doch endlich, zuletzt, Cic., Caes. u.a. – verstärkt durch iam od. aliquando, endlich einmal, doch endlich einmal, tandem aliquando Catilinam ex urbe eiecimus, Cic.: iam tandem ades ilico, Plaut. – Beim Imperat. hat schon das einfache tande
428	īnferus	wiktionary-ok	unten befindlich; unterer	:[1] weiter unten gelegen; unterer :[2] sich auf die Unterwelt beziehend; Unterwelts- 
429	metuere	wiktionary-ok	fürchten	:[1] intransitiv: Furcht haben, sich fürchten :[2] transitiv: fürchten, befürchten :[3] transitiv: Ehrfurcht haben, sich scheuen :[4] transitiv: sich hüten vor 
430	temptāre	georges-ok	versuchen; prüfen; angreifen	[3051] tempto , āvī, ātum, āre, betasten, befühlen, berühren, angreifen, I) im allg.: 1) eig.: a) übh.: ut res prope dicam manu temptari possit, Cornif. rhet.: pectora manibus, Ov.: pullos, befühlen, Colum.: flumen pede, berühren, versuchen, Cic.: ficum rostro, berühren, hinein- hacken, Ov.: catenas morsibus u. morsibus et ore, in die K. beißen, Flor. – b) als mediz. t.t.: venas, den Puls fühlen, 
431	trānsīre	wiktionary-ok	hinübergehen; überschreiten	:[1] überschreiten, hinübergehen :[2] überlaufen, übergehen (zum Feind, in eine andere Partei etc.) :[3] vorübergehen 
432	ultimus	geprueft-gleich	letzter; äußerster; entferntester	[3286] ultimus , a, um, s. ulterno. III. Quelle: Karl Ernst Georges: Ausführliches lateinisch-deutsches Handwörterbuch. Hannover 8 1918 (Nachdruck Darmstadt 1998), Band 2, Sp. 3286. Permalink: http://www.zeno.org/nid/20002709287 Lizenz: Gemeinfrei Faksimiles: 3286 Kategorien: Wörterbuch Ähnliche Einträge in anderen Lexika Brockhaus-1911 : Ultimus Meyers-1905 : Ult&#x012D;mus Pierer-1857 : Ult&#x01
433	addere	wiktionary-ok	hinzufügen	:[1] transitiv: beitun, beigeben :[2] transitiv, übertragen: beilegen, auflegen, einflößen :[3] transitiv, übertragen: einflößen, erregen :[4] transitiv, übertragen: hinzutun, hinzufügen, beifügen, zulegen, vermehren :[5] transitiv: schreibend oder sprechend vermehren; hinzufügen, weiterschreiben, weitersprechen 
434	grātus	georges-ok	dankbar; angenehm; willkommen	[2969] grātus , a, um (altind. gūrtá-ḥ, willkommen, guráte, begrüßt), I) in bezug auf die Sinne u. das Gefühl, lieblich, anmutig, einnehmend, artig, hold, reizend, im Superl. = allerliebst, V enus, Hor.: locus, Hor.: loca (Gefilde), Ov.: Antium, Hor.: aera, Hor.: gratus in ore vigor, Ov.: artes, Hor.: gratissima tellus (v. Delos), Verg. – II) in bezug auf Neigung u. Gesinnung: 1) objektiv: a) ange
435	laudāre	wiktionary-ok	loben	:[1] transitiv: loben, rühmen, preisen :[2] transitiv: eine lobende Grabrede für jemanden halten :[3] nur Passiv, transitiv, Medizin: empfohlen werden :[4] transitiv: anführen, nennen, erwähnen 
436	nōndum	georges-ok	noch nicht	[1187] nōn-dum , Adv., noch nicht, Plaut., Cic. u.a. Quelle: Karl Ernst Georges: Ausführliches lateinisch-deutsches Handwörterbuch. Hannover 8 1918 (Nachdruck Darmstadt 1998), Band 2, Sp. 1187. Permalink: http://www.zeno.org/nid/20002518457 Lizenz: Gemeinfrei Faksimiles: 1187 Kategorien: Wörterbuch ZenoServer 4.030.014 Nutzungsbedingungen Datenschutzerklärung Impressum 
437	impōnere	georges-ok	auferlegen; hineinsetzen; daraufsetzen	[107] im-pōno , posuī, positum, ere (in u. pono), I) hineinlegen, -setzen, -stellen in usw., konstr. mit Dat. od. m. in u. Akk. (s. Philol. Anz. 1873. S. 10), A) eig.: pedem in undam, Plaut.: in aliena aedificia fenestras et ostia, ICt.: alqm sepulcro, begraben, Ov.: coloniam in agro Samnitium, Liv. – praesidium, Liv.: praesidium Abydi (zu A.), Medione (zu M.), Liv.: praesidium arci, Curt. – B) üb
438	somnus	wiktionary-ok	Schlaf	:[1] allgemein: der Schlaf :[2] metonymisch: die Untätigkeit, die Trägheit :[3] metonymisch: die Nacht 
439	aciēs	wiktionary-ok	Schlachtreihe; Schärfe	:[1] spitzer, scharfer Rand; Schärfe, Schneide :[2] übertragen auf das Auge: Sehkraft, Schärfe :[3] übertragen: Blick :[4] übertragen: Pupille :[5] übertragen: Auge :[6] übertragen auf den Verstand: Geistesschärfe, Scharfsinn :[7] Militär: Schlachtlinie, Schlachtreihe :[8] Militär: Gesamtheit von [7]: Schlachtordnung :[9] Militär: Schlacht, Feldschlacht 
440	rūrsus	georges-ok	wieder; zurück	[2430] rūrsus u. rūrsum (altlat. rūsus, rūsum, russum), Adv. (zsgz. aus revorsus, revorsum, i.e. reversus, reversum), I) rückwärts, zurück, rursum cadere, zurückfallen, Plaut.: rursum se recipit, Caes.: rursum trahunt, Cic.: rursum reditum ad vada tetulit, Catull.: dah. rursum vorsum, rückwärts, Plaut.: rursum prorsum u. rursus prorsus, s. prōrsum u. prorsus. – II) übtr.: A) zur Bezeichnung [2430]
441	cupere	wiktionary-ok	wünschen; begehren	:[1] wünschen, begehren, verlangen :[2] (jemandem) zugetan sein, (jemandem) gewogen sein :[3] (jemanden liebend) begehren 
442	exspectāre	wiktionary-ok	erwarten; warten	:[1] auf jemanden oder etwas warten; erwarten, abwarten 
443	compōnere	wiktionary-ok	zusammenstellen; ordnen; verfassen	:[1] nebeneinander oder zueinander legen; zusammenlegen, zusammenstellen, zusammensetzen :[2] in Ordnung an einem Ort zusammenbringen; aufstellen 
444	laus	wiktionary-ok	Lob; Ruhm	:[1] Lob, Achtung, Verherrlichung; im Plural: Lobsprüche, Lobreden, Loblieder 
445	abesse	wiktionary-ok	abwesend sein; entfernt sein	:[1] sich an einem anderen Ort befinden; abwesend sein, entfernt sein, weg sein :[2] sich in einer bestimmte Entfernung befinden; entfernt sein, abstehen :[3] nicht vorhanden sein, fehlen :[4] nicht vollständig sein; fehlen 
446	ūsus	wiktionary-ok	Gebrauch; Nutzen; Erfahrung	:[1] Gebrauch, Benutzung, Anwendung :[2] praktische Tätigkeit (als Anwalt etc.) :[3] Erfahrung, Praxis :[4] Gewohnheit, Sitte :[5] (geselliger) Verkehr, Umgang, Bekanntschaft 
447	velut	georges-ok	wie; gleichsam; wie zum Beispiel	[3392] vel-ut od. vel-utī , Adv., ganz wie, gleich wie (als), ebenso wie I) korrelativ, m. folg. sic, selten ita: A) im allg.: velut in cantu et fidibus, sic ex corporis totius natura et figura varios modos ciere, Cic. – B) insbes., bei Anführung von Gleichnissen, ac veluti magno in populo cum saepe coorta est seditio... sic etc., Verg. Aen. 1, 148. – II) absol., A) im allg.: velut hesterno die, C
448	comes	georges-ok	Begleiter; Gefährte	[1291] comes , itis, c. (com u. eo; vgl. coëo, comitium), der Mitgänger, der Begleiter, die Begleiterin, a) übh.: c. Antonii, Cic.: c. Herculis, Suet.: Cyri, Frontin.: c. tuus, Cic.: comite Agrippā, Suet.: T. Agusius comes meus fuit illo miserrimo tempore, Cic.: age age, absolve me, ne comites morer, Plaut. – comes fugae, Cic.: exsilii, Vell. u. Mart.: c. victoriae, Caes. – in studiis c. et in lus
449	ob	wiktionary-ok	wegen	:[1] entgegen, gegen … hin, nach … hin, nach … zu, nach, gen :[2] vor, gegenüber, über … hin, über :[3] um … willen, wegen, aus :[4] zum Entgelt für, gegen, für 
450	studium	wiktionary-ok	Eifer; Bemühung; Interesse	:[1] Streben, Eifer, Drang :[2] Interesse, Vorliebe, Lieblingsbeschäftigung :[3] (wissenschaftliche) Beschäftigung, (wissenschaftliche) Streben, Studium :[3] Wissenschaft, Wissenschaftszweig 
451	facilis	wiktionary-ok	leicht	:[1] leicht, mühelos :[2] beweglich, gewandt, geschickt, geschmeidig :[3] freundlich, leutselig, nachgiebig, gefällig, gütig :[4] willig, bereit :[5] leicht empfänglich für 
452	nūmen	wiktionary-ok	Gottheit; göttlicher Wille	:[1] der Wille, das Geheiß (einer Gottheit) :[2] das göttliche Walten und Wirken :[3] die Gottheit (in ihrem Walten und Wirken), das göttliche Wesen 
453	sapiēns	wiktionary-ok	weise; klug	:[1] einsichtig, klug, verständig :[2] weise 
454	sūmere	wiktionary-ok	nehmen	:[1] transitiv: etwas (in die Hand) nehmen, ergreifen :[2] transitiv: (Kleidung) anlegen, anziehen 
455	nōbilis	wiktionary-ok	berühmt; adlig; vornehm	:[1] nicht fremd; bekannt, vertraut :[2] in gutem oder schlechtem Ruf stehen; berühmt, gepriesen, berüchtigt :[3] sich durch seinen Charakter, Stand oder seine Leistungen auszeichnend; vornehm :[4] aus vornehmer Familie; adelig, adlig 
456	quīn	geprueft-gleich	dass; dass nicht	:[1] warum nicht 
457	flēre	wiktionary-ok	weinen; beweinen	:[1] intransitiv: Tränen vergießen; weinen 
458	nōlle	wiktionary-ok	nicht wollen	*transitiv: :[1] nicht den Wunsch/Willen für etwas haben: nicht wollen, nicht wünschen *intransitiv: :[2] nicht den Wunsch/Willen haben, etwas zu tun/dass etwas geschieht: nicht wollen, nicht wünschen :[3] im Imperativ mit Infinitiv: als Hilfsverb für den verneinten Imperativ: nicht + Imperativ :[4] in der 1. Person Singular Konjunktiv Imperfekt: doch nicht + Konjunktiv 
459	plēnus	wiktionary-ok	voll	:[1] voll, angefüllt, erfüllt :[2] stark, dick, wohlbeleibt :[3] schwanger, trächtig :[4] gesättigt, satt :[5] überdrüssig :[6] vollständig, vollzählig, ganz :[7] vollkommen 
460	adversus	wiktionary-ok	gegen; gegenüber	:[1] zugekehrt, zugewandt ::[1a] mit dem Gesicht/mit der Vorderseite zugewandt, auf der Vorderseite befindlich, vorliegend, vorstehend, vorn :[2] als Gegenpart gegenüberstehend ::[2a] entgegen, gegenüber ::[2b] zuwider, ungünstig, widrig, unglücklich ::[2c] zuwider, verhasst ::[2d] als dialektischer terminus technicus: entgegengesetzt, das Gegenteil/den Gegensatz bildend oder bezeichnend :[1] der 
461	nemus	wiktionary-ok	Hain; Wald	:[1] Ansammlung von Bäumen; Hain, Wald 
462	cārus	wiktionary-ok	lieb; teuer	:[1] lieb, teuer, wertvoll :[2] teuer, wert, geschätzt :[1] Liebling, Freund 
463	deesse	georges-ok	fehlen; nicht helfen	[2097] dē-sum , fuī, esse, fort-, weg sein, fehlen, abgehen, v. Dingen, die gleichs. das Maß noch voll machen u. an denen uns viel gelegen ist, I) im allg.: aliquando superest sanguis, aliquando deest, Sen.: non ratio, verum argentum deerat, Ter.: omnia deerant, quae etc., Caes.: non desunt, qui, Plin. u. Quint.: non defuit quod responderetur; deerat qui daret responsum, Liv. 3, 50, 16. – mit Dat.
464	lēgātus	wiktionary-teilweise	Gesandter; Unterfeldherr	:[1] der Gesandte, der Botschafter, der Diplomat :[2] der Legat (der oberste Amtsgehilfe eines Feldherrn), der Unterfeldherr :[3] zur Kaiserzeit: der Statthalter (die vom Kaiser in die Provinz entsandte Vertrauensperson) 
465	discere	georges-ok	lernen; erfahren	[2196] dīsco , didicī, ere ( zu διδάσκω), lernen, kennen lernen, I) durch Unterricht od. Gewöhnung od. Praxis etw. lernen, erlernen, kennenlernen, in od. über etw. sich unterrichten, etwas studieren (Ggstz. dediscere, verlernen, docere, lehren, dedocere, verlernen lassen), qui quod didicit id dediscit, einen Rückschritt macht, Plaut.: multa oportet discat atque dediscat, Cic.: disces docebisque ar
466	furor	wiktionary-ok	Wut; Raserei; Wahnsinn	:[1] die Raserei, die Wut, der Wutausbruch, das Toben :[2] als Gefühl: Wut, Zorn :[3] Wahnsinn, Verrücktheit, Tollheit, Verblendung :[4] Begeisterung, Verzückung :[5] Liebe, Liebeswahnsinn, Liebesbegierde 
467	amnis	wiktionary-ok	Strom; Fluss	:[1] Geografie: Fluss, Strom :[2] poetisch: Strom des Ozeans, Meeresströmung :[3] fließende Bewegung von Wasser; Strömung :[4] meist fließendes Wasser :[5] übertragen: Fließen einer Flüssigkeit; Fluss, Strömung :[6] übertragen: Aufkommen von Dichtung oder Kunst 
468	arbor	wiktionary-ok	Baum	:[1] Baum :[2] Pressbaum, Pressbengel, Ständer :[3] Mastbaum, Mast :[4] Ruder :[5] Speerschaft :[6] Meerestier, vielleicht eine Art Tintenfisch :[7] Kreuznach: 
469	mox	georges-ok	bald; dann	[1029] mox , Adv. (altindisch makšú, eilend), bald, I) zur Bezeichnung der zukünftigen Zeit, 1) eig., der zunächst folgenden (wie vix der zunächst vergangenen), a) v. der Gegenwart aus, beim Praes. u. Fut., bald, alsbald, bald nachher, nächstens, in kurzem, mox ego huc revertor, Ter.: iussit mihi nuntiari, mox se venturum, Cic.: discedo parumper a somniis, ad quae mox revertar, Cic. – de numero mo
470	eō	wiktionary-ok	dorthin	:[1] örtlich: dahin, dorthin :[2] zusätzlich: dazu :[3] gibt ein Maß, Ausmaß an: so weit, bis zu dem Grad, bis zu dem Punkt :[4] begründend: deswegen, deshalb :[5] beim Komparativ: desto 
471	cīvis	wiktionary-ok	Bürger	:[1] der Bürger, die Bürgerin 
472	occupāre	wiktionary-teilweise	besetzen; einnehmen	:[1] einnehmen, ergreifen :[2] an oder auf etwas Platz nehmen; einnehmen 
473	spectāre	wiktionary-ok	schauen; betrachten	:[1] schauen, sehen, blicken :[2] ansehen, anschauen, betrachten :[3] zusehen :[4] bewundern, bewundernd anschauen :[5] prüfen, untersuchen, erproben :[6] beurteilen :[7] berücksichtigen, in Betracht ziehen :[8] streben, anstreben, trachten :[9] sich beziehen auf, betreffen :[10] gelegen sein, gerichtet sein 
474	tergum	wiktionary-ok	Rücken	:[1] Rücken :[2] Rückseite, Hinterseite :[3] Oberfläche (des Meeres, eines Flusses, eines Feldes) :[4] Überzug, Bedeckung 
475	crīmen	wiktionary-ok	Vorwurf; Beschuldigung; Verbrechen	:[1] Beschuldigung, Anschuldigung, Vorwurf :[2] Anklage, Anklagepunkt :[3] Schuld, Vergehen :[4] Ehebruch :[5] Verbrechen, Laster 
476	dōnum	wiktionary-ok	Geschenk; Gabe	:[1] das Geschenk :[2] die Opfergabe, das Weihgeschenk; das Totenopfer 
477	nōtus	wiktionary-ok	bekannt	:[1] bekannt 
478	sinus	wiktionary-ok	Bucht; Bausch; Schoß	:[1] Sinus :[2] Ausbuchtung, Hohlraum 
479	faciēs	wiktionary-ok	Gesicht; Gestalt; Aussehen	:[1] Aussehen, die äußere Beschaffenheit, die äußere Erscheinung :[2] Gesicht, Antlitz 
480	rumpere	georges-ok	brechen; zerreißen	[2426] rumpo , rūpī, ruptum, ere (Wz. reup, rup, brechen, reißen, altind. rópayati, er bricht ab, rōpam, Loch), brechen, zerbrechen, zerreißen, zerteilen, gewaltsam trennen, -öffnen, zersprengen, I) eig.: A) im allg.: a) übh.: vincula carceris, vincula alcis, Cic.: catenas, Hor.: pontem, abbrechen, Liv.: arcum, Phaedr.: vestes, Ov.: tenues vestes a pectore, Ov.: funem ab litore, Verg.: linum ruptu
481	membrum	wiktionary-ok	Glied; Körperteil	:[1] Körperteil, Körperglied :[2] (männliches) Glied, Penis :[3] Glied, Teil (des Staates etc.) :[4] Zimmer, Gemach (Glied des Hauses) :[5] Satzglied 
482	umquam	georges-ok	jemals	[3295] umquam , Adv. (urspr. cumquam), irgend einmal, je, jemals (Ggstz. numquam), meist nur in negativen Sätzen od. in Frage- u. Bedingungssätzen, deren Gedanke verneinend ist, Ter., Cic. u.a.: non umquam, Liv.: haud umquam, Verg.: semel umquam, Plin.: si umquam, si quando umquam, Liv. Quelle: Karl Ernst Georges: Ausführliches lateinisch-deutsches Handwörterbuch. Hannover 8 1918 (Nachdruck Darmst
483	aspicere	wiktionary-ok	erblicken; ansehen	:[1] transitiv: mit den Augen wahrnehmen; sehen, erblicken :[2] transitiv: jemanden ins Gesicht schauen; ansehen, anschauen, anblicken 
484	priusquam	georges-ok	bevor; ehe	[1928] prius-quam , s. prius. Quelle: Karl Ernst Georges: Ausführliches lateinisch-deutsches Handwörterbuch. Hannover 8 1918 (Nachdruck Darmstadt 1998), Band 2, Sp. 1928. Permalink: http://www.zeno.org/nid/20002587289 Lizenz: Gemeinfrei Faksimiles: 1928 Kategorien: Wörterbuch ZenoServer 4.030.014 Nutzungsbedingungen Datenschutzerklärung Impressum [1928] prius , Adv. (prior), I) eher, vorher, Cic. 
485	templum	wiktionary-ok	Tempel; heiliger Bezirk	:[1] Beobachtungskreis zur Vogelschau :[2] Höhe, Anhöhe :[3] eher poetisch: freier, weiter Raum (mit dem Nebenbegriff der Erhabenheit und Heiligkeit) :[4] geweihter, heiliger Ort, geweihte Stätte, geweihter Raum, Heiligtum, Tempel 
486	āmittere	wiktionary-ok	verlieren; aufgeben	:[1] transitiv: jemanden fortschicken, jemanden wegschicken :[2] transitiv: jemanden gehen lassen :[3] transitiv, übertragen: etwas nicht beibehalten, etwas aufgeben, auf etwas verzichten :[4] transitiv: etwas nicht mehr in seinem Besitz haben; verlieren :[5] transitiv, übertragen: verlieren 
487	poscere	georges-ok	fordern; verlangen	[1795] pōsco , popōscī, ere (statt *porc-sco zu pre-cor, altind. prochā, Frage, Erkundigung, ahd. forsca, Forschung, Frage), etw. haben wollen, ausbitten, verlangen, fordern, I) im allg.: a) v. Pers.: α) m. Acc. od. absol.: argentum, Cic.: pugnam, Liv.: m. Dat. eth., filiam alcis sibi uxorem, Plaut.: audaciae partes sibi, Cic. – ad exitium posci, Tac. – absol., incipiunt postulare, poscere, minari
488	perdere	georges-ok	zugrunde richten; verlieren; vernichten	[1577] per-do , didī, ditum, ere, gleichs. zugrunde geben; dah. I) (im Passiv gew. pereo, perditus, perire, s. Lachm. Lucr. p. 121) zugrunde richten, vernichten, verderben, ruinieren, unglücklich machen (Ggstz. servare), A) im allg.: alqm, Cic.: puerum perditum perdere, vollends zugrunde richten, Cic.: perd. funditus civitatem, Cic.: desiderium per luxum atque libidinem pereundi perdendique omnia,
489	quamvīs	wiktionary-teilweise	obwohl; wenn auch	:[1] in dem Grad oder Ausmaß, wie du willst; wie du willst, so sehr du willst :[1] so sehr auch, wenn auch noch so, es mag auch noch so sehr 
490	tener	wiktionary-ok	zart; jung	:[1] zart, fein, weich :[2] übertragen: zart, jung, jugendlich :[3] empfindsam, weichlich, verliebt, wollüstig 
491	currus	wiktionary-ok	Wagen; Streitwagen	:[1] der Wagen, Streitwagen 
492	precārī	georges-ok	bitten; beten	[1909] precor (praecor), ātus sum, ārī (prex), bitten, [1909] beten, jmd. bittend, betend anreden, anrufen, etw. betend sagen u. dgl., I) im allg.: a) m. Acc. der Pers., die man bittet, zu der man betet, deos, Cic. (u. so deos, quibus honestissime supplicamus, tacite malumus et intra nosmet ipsos precari, Sen.): Iovem Optimum Maximum, Cic.: numina sancta Palladis armisonae, Verg.: venire memorant 
493	anima	wiktionary-ok	Seele; Atem; Leben	:[1] Luft (als Naturelement) :[2] Lufthauch, Luftzug, Wind :[3] geatmete Luft; Atem, Odem, Hauch :[4] Lebenskraft, Lebensgeist, Lebenshauch, Lebensprinzip :[5] die vernünftige Seele des Menschen, der Geist :[6] das belebte, das beseelte Wesen :[7] die Seelen der Verstorbenen (vorgestellt als Schatten), die Manen 
494	contingere	wiktionary-ok	berühren; gelingen; zuteilwerden	* transitiv :[1] berühren, anrühren :[2] übertragen: (ein Ziel) erreichen, treffen :[3] anstoßen, anliegen, angrenzen, angehen, betreffen * intransitiv :[4] zuteilwerden, gelingen, glücken 
495	lībertās	wiktionary-ok	Freiheit	:[1] bürgerliche Freiheit :[2] Freiheit des Staates :[3] Freiheitsliebe :[4] Ungebundenheit, Zügellosigkeit :[5] Erlaubnis :[6] Freimut, Unerschrockenheit 
496	servus	wiktionary-ok	Sklave; Diener	:[1] Sklave, Diener 
497	soror	wiktionary-ok	Schwester	:[1] die Schwester 
498	flūctus	wiktionary-ok	Flut; Woge; Welle	:[1] die Strömung, das Strömen :[2] die Welle, die Meereswelle, die Woge, die Flut :[3] der Strudel, die Gefahr, die Unruhe (des Lebens) 
499	quippe	wiktionary-ok	freilich; nämlich; ja	:[1] freilich, natürlich, sicherlich 
500	exigere	georges-ok	vertreiben; fordern; vollenden	[2555] ex-igo , ēgī, āctum, ere (ex u. ago), I) heraus-, wegtreiben, herausjagen, A) eig.: 1) leb. [2555] Wesen: a) im allg.: cervam e montibus, Liv.: reges ex civitate, Cic.: regibus exactis, Sall. hist. fr.: hostem e campo, Liv.: capellas a grege in campos, Varro: pecus in bucita (= buceta) circum antiquom oppidum, Varro LL.: pastum sues, auf die Weide treiben, Varro: e stratis corpus, emporspri
501	fēmina	wiktionary-ok	Frau	:[1] Frau, Weib :[2] Weibchen 
502	nimius	wiktionary-ok	zu groß; übermäßig	:[1] zu viel, zu sehr :[2] zu groß :[3] überaus, außerordentlich 
503	fallere	wiktionary-ok	täuschen; betrügen	:[1] sich selbst oder jemanden täuschen 
504	mīrārī	wiktionary-ok	sich wundern; bewundern	:[1] sich wundern, sich verwundern 
505	classis	wiktionary-ok	Flotte; Abteilung; Klasse	:[1] Herbeirufung, Ladung oder Aufgebot der Volksklassen :[2] Klasse, Gruppe :[3] militärische Abteilung, Kriegsflotte, Heer :[4] die Klasse, eine taxonomische Gliederungsstufe von Organismen 
506	sedēre	wiktionary-ok	sitzen	:[1] intransitiv: sitzen 
507	singulī	georges-ok	je einer; einzeln	[2684] singulī , ae, a, s. singulus. Quelle: Karl Ernst Georges: Ausführliches lateinisch-deutsches Handwörterbuch. Hannover 8 1918 (Nachdruck Darmstadt 1998), Band 2, Sp. 2684. Permalink: http://www.zeno.org/nid/20002651645 Lizenz: Gemeinfrei Faksimiles: 2684 Kategorien: Wörterbuch ZenoServer 4.030.014 Nutzungsbedingungen Datenschutzerklärung Impressum [2685] singulus , a, um, häufiger der Plur. 
508	mūrus	wiktionary-ok	Mauer	:[1] Mauer, Stadtmauer :[2] Damm, Wall :[3] Schutz, Schutzwehr 
509	nocēre	wiktionary-ok	schaden	:[1] schaden :[2] hinderlich sein 
510	quoniam	wiktionary-ok	da ja; weil	*mit Indikativ: :[1] leitet eine bekannte und als anerkannt angesehene Begründung ein: da, da ja, weil, weil ja, weil nun, da doch 
511	fax	wiktionary-ok	Fackel	:[1] Fackel :[2] Anstifter, Urheber :[3] Verderben, Geißel :[4] feurige, schöne Augen :[5] Sternschnuppe, Komet, Feuerkugel, Meteor (brennende Lufterscheinung) 
512	intellegere	wiktionary-ok	verstehen; erkennen; einsehen	:[1] transitiv: wahrnehmen, merken, erkennen, empfinden :[2] transitiv: einsehen, verstehen, begreifen :[3] transitiv: wissen 
513	iungere	georges-ok	verbinden; vereinigen	[492] iungo , iūnxī, iūnctum, ere (β jug, altind. yunákti, [492] verbindet; griech. ζυγ in ζεύγνυμι, ζυγόν), verbinden, vereinigen, zusammenfügen, z usammenknüpfen, I) eig.: A) im allg.: res inter se, Cic.: uniones inter se, Sen.: alqd cum alqa re, Cic.: dextram dextrae, Verg.: libellum epistulae, beifügen, Plin. ep.: equum equo, ein Pf. auf das andere antreiben, Caes.: naves, carros, aneinander b
514	afferre	wiktionary-ok	herbeibringen; bringen; melden	:[1] transitiv: herbeibringen, herbeitragen, herbringen, hertragen :[2] reflexiv oder passiv: sich begeben, kommen, erscheinen :[3] transitiv: als Bote etwas als Nachricht bringen; überbringen, melden, berichten, verkündigen 
515	cōgitāre	wiktionary-ok	denken; überlegen; beabsichtigen	:[1] sich mit etwas in seinen Gedanken beschäftigen; denken, bedenken, sinnen, überlegen, nachdenken, erwägen :[2] etwas Neues durch Überlegungen erschaffen; ausdenken, ersinnen :[3] die Absicht haben, etwas zu tun; gedenken etwas zu tun, beabsichtigen, vorhaben, planen, im Sinn haben, Willens sein 
516	līmen	georges-ok	Schwelle; Eingang	[658] līmen , inis, n. (stammverwandt mit 1. limus u. ob-liquus), die Schwelle, Türschwelle, I) eig. u. meton.: A) eig.: limen superum inferumque, Plaut.: limen inferius, Varro: Arabium (von arabischem Marmor), Prop.: limen templi, Caes.: cubiculi, Cic.: domus suae, Sen. u. Curt.: curiae, Plin.: limina aedium, Cic.: intra limen, innerhalb seiner vier Wände od. Pfähle (Ggstz. foris), Sen.: amat ian
517	pūblicus	wiktionary-ok	öffentlich; staatlich	:[1] öffentlich, dem Volk gehörig, Volks-, Staats- :[2] öffentlich, allgemein, alltäglich, verbreitet :[1] Staatssklave, Staatsknecht 
518	querī	wiktionary-ok	klagen; sich beklagen	:[1] etwas beklagen, etwas bejammern :[2] sich beklagen, sich beschweren 
519	exemplum	wiktionary-ok	Beispiel; Vorbild	:[1] Modell, Muster, Vorbild, Beispiel :[2] Abschrift, Kopie :[3] Kopie, Abbild, Abdruck :[4] ähnliches Vorgehen, ähnliches Verfahren, ähnliche Art und Weise :[5] Original :[6] warnendes Beispiel :[7] erläuterndes Beispiel, beweisendes Beispiel :[8] Präzedenzfall 
520	prex	georges-ok	Bitte; Gebet	[1917] prex , precis, f. (doch nur im Dat., Akk. u. Abl.), häusiger Plur. precēs , precum, die Bitte, das Bitten, I) im allg.: miserae ac luctuosae preces, rührende u. klägliche, Cic. ep.: preces infimae, Liv., tacitae, Apul.: nihil est preci loci relictum, Ter.: oro te per precem, Plaut.: prece humili, Cic.: magnā prece, Cic.: preces adhibere, Cic.: sollicito ore preces dare, Ov.: omnibus precibu
521	dubitāre	georges-ok	zweifeln; zögern	[2299] dubito , āvi, ātum, āre (dubius), zwischen zweien-, nach zwei Seiten hin und her schwanken, u. zwar: I) in der Überzeugung = über etw. ungewiß sein, an od. über etw. zweifeln, Z weifel hegen, etw. in Zweifel ziehen, bezweifeln, a) eig., absol., Cic. u.a.: ne dubita, Verg.: non erat prorsus unde dubitarem, Augustin. conf. 7, 10 extr. – m. de u. Abl., de tua erga me voluntate, Cic.: de animo 
522	odium	wiktionary-ok	Hass	:[1] Hass :[2] Abneigung, Widerwille, Unzufriedenheit :[3] widerwärtiges Wesen, gehässiges Benehmen, Widerwärtigkeit :[4] Gegenstand des Hasses, verhasste Person 
523	fundere	wiktionary-ok	gießen; vergießen; zerstreuen; in die Flucht schlagen	:[1] gießen, weggießen, ausgießen, vergießen :[2] ausschütten, herabschütten :[3] (Geschosse etc.) schleudern :[4] sich (mit etwas) benetzen :[5] (etwas) schmelzen, gießen :[6] (Worte, Töne) dichten, von sich geben :[7] hervorbringen, erzeugen, gebären :[8] ausbreiten, verbreiten :[9] (Feinde) vertreiben, verstreuen, zerschlagen :[10] (jemanden) niederstrecken, zu Boden werfen :[11] verschwenden, 
524	fūnus	wiktionary-ok	Begräbnis; Tod; Leiche	:[1] Begräbnis, Beerdigung, Bestattung :[2] Tod, Mord 
525	nescīre	wiktionary-ok	nicht wissen; nicht kennen	:[1] transitiv: nicht wissen 
526	prior	wiktionary-ok	früher; der vordere; der erste (von zweien)	:[1] im Komparativ (prior, prius) der erstere, vordere, frühere (der Zeit, der Ordnung oder dem Grade nach) :[2] im Superlativ (prīmus, a, um) der erste, der vorderste 
527	ūsque	georges-ok	bis; immer; ununterbrochen	[3320] ūsque , Adv. (vgl. ūspiam), auf jedem Punkte, in einem fort, durch und durch, von... her, bis... hin, I) vom Raume: a) m. Praepp.: usque a mari supero Romam proficisci, Cic.: ex omnibus spectaculis usque a Capitolio plausus excitatus, Cic.: usque ex ultima Syria atque Aegypto navigare, Cic. – usque a Dianio ad Sinopen navigare, Cic.: ab imis unguibus usque ad verticem summum, Cic.: usque ad
528	dubius	wiktionary-ok	zweifelhaft; unsicher	:[1] schwankend, unschlüssig, unentschlossen, zweifelnd :[2] ungewiss, unentschieden, unbestimmt, zweifelhaft :[3] bedenklich, misslich, gefährlich :[4] sich wandelnd; mannigfach 
529	tendere	wiktionary-ok	spannen; ausstrecken; sich anstrengen; streben	:[1] spannen, anspannen, straff ziehen :[2] (die Segel) schwellen :[3] (Zelte) aufschlagen, errichten :[4] ausdehnen, verlängern :[5] reichen, darreichen, hinreichen :[6] (auf etwas) lenken, hinlenken, zielen :[7] (etwas) verfechten 
530	pecūnia	wiktionary-ok	Geld; Vermögen	:[1] Gesamtheit des Eigentums: Reichtum, Vermögen :[2] speziell: Geld, Geldsumme :[3] vor allem in der Kaiserzeit auch ein Geldstück, (Kupfer-)Münze 
531	quemadmodum	georges-ok	wie; auf welche Weise	[2147] quemadmodum oder getrennt quem ad modum , auf welche Art, wie, I) interrog.: qu. est asservatus? Cic.: qu. congruit, ut et... et etc.? Plin. ep. – II) relat.: A) im allg.: semper vigilavi et providi, quemadmodum... salvi esse possemus, Cic.: si praescriberet, qu. uteretur etc., Caes. – B) insbes.: 1) korresp. m. sic, ita, item u.a., gleichwie, wie, quemadmodum socius in societate habet part
532	spargere	unbelegt	streuen; ausstreuen; bespritzen	
533	trēs	wiktionary-ok	drei	:[1] Kardinalzahl: drei, 3 :[2] übertragen: ein paar, einige 
534	tangere	wiktionary-ok	berühren; erreichen	:[1] in körperlichen Kontakt treten; berühren :[2] mit etwas berühren und eine Spur hinterlassen; bespritzen, beschmieren, benetzen :[3] durch Kontakt schädigen; anrühren 
535	respondēre	wiktionary-ok	antworten	:[1] jemandem eine mündliche Antwort geben; antworten, erwidern 
536	timor	wiktionary-ok	Furcht; Angst	:[1] Furcht, Besorgnis :[2] Furchtsamkeit, Schüchternheit :[3] Ehrfurcht, Gottesfurcht :[4] Aberglaube 
537	properāre	georges-ok	eilen; sich beeilen	[2004] propero , āvī, ātum, āre (properus), I) intr. vom Flecke eilen, a) v. Pers.: domum, Plaut. u. Hor.: Romam, Cic. – m. in u. Akk., in patriam, Cic.: in Galliam, Sall.: in Italiam, Caes.: in fata (in den Tod), Lucan. – m. ad u. Akt., ad alqm, Caes.: ad sedem, Ov.: ad pontem, Lact.: ad praedam, Caes.: ad gaudia, Hor.: ad epistulas, sich beeilen, die Br. zu lesen, Cic.: ad bellum civile, sich in
538	subīre	wiktionary-ok	auf sich nehmen; herangehen; unter etw. gehen	:[1] unter etwas gehen, darunter gehen, unternehmen :[2] betreten, eintreten 
539	valēre	wiktionary-ok	gesund sein; stark sein; Einfluss haben; gelten	:[1] körperlich: stark, kräftig sein, Kraft haben, bei Kräften sein, stark sein :[2] physisch: gesund sein, sich wohl befinden, gut gehen :[3] übertragen: Einfluss (Macht, Bedeutung) haben, vermögen, gelten :[4] von Sachen: zur Geltung gelangen, den Ausschlag geben, überwiegen (entscheiden) :[5] zu etwas im Stande sein, vermögen, geeignet sein, können, fähig sein, Kraft haben :[6] von Geld: wert s
540	condere	georges-ok	gründen; verbergen; bestatten	[1425] con-do , didī, ditum, ere, I) zusammentun = zusammenfügen, anlegen, gründen, erbauen, [1425] stiften, a) auf mater. Wege, ein Bauwerk, eine Stadt, Pflanzstadt usw., aram, Liv. (u. im Bilde, templa sibi et aras penetralibus initiatorum mentibus [im innersten Herzen] c., Auson.): opus, Liv.: arcem, Verg.: moenia, Verg. u. Iustin. – bes. = κτίζειν, eine Stadt od. Pflanzstadt, oppidum, Varr. LL
541	nefās	georges-ok	Frevel; Unrecht	[1128] ne-fās , n. indecl. das gegen die göttlichen Gebote, also auch gegen die Gesetze der Natur u. gegen unser sittliches Gefühl Streitende, das Unrecht, die Sünde, der Frevel, Greuel (Ggstz. fas), I) eig.: 1) im allg.: per omne fas et nefas alqm sequi, in allem Guten u. Bösen, Liv.: ubi fas versum atque nefas, Verg.: in omne n. se parare, Ov.: quod tantum nefas aut nubendo aut post nuptias cont
542	quondam	georges-ok	einst; einmal	[2180] quondam , Adv. (eig. *quomdam), I) zu einer gewissen Zeit, u. zwar: a) übh., einmal, Cic. u. Suet. – b) zu gewisser Zeit, zu gewissen Zeiten, zuweilen, Cic. u. Verg. – II) insbes.: a) v. der vergangenen Zeit, einstmals, ehemals, Cic. u. Caes.: mit olim verb., Ter. eun. 246. – attrib. einstmalig, ehemalig, weiland (s. Dederich Dict. 2, 20. p. 285), Cyrus quondam rex, Curt. u. Iustin.: ab ami
543	auxilium	wiktionary-ok	Hilfe	:[1] jemand oder etwas, das hilft; Hilfe, Unterstützung, Beistand, Hilfsmittel :[2] etwas oder jemand, der Hilfe leisten könnte; Hilfsquelle :[3] Hilfstruppe, Verstärkung, Streitkräfte :[4] in den Provinzen ausgehobene Hilfstruppe; Auxiliartruppe :[5] Heilmittel 
544	dēserere	wiktionary-ok	verlassen; im Stich lassen	:[1] verlassen, im Stich lassen, aufgeben :[2] Militär: das Heer oder Lager verlassen, desertieren :[3] jemanden oder etwas vernachlässigen, aufgeben 
545	nūdus	wiktionary-ok	nackt; bloß; ungeschützt	:[1] nackt, entkleidet :[2] leicht oder luftig gekleidet (zum Beispiel in der Tunika) :[3] im weiteren Sinne: bloß, ungeschützt, ungeborgen; nicht ausreichend bewaffnet :[4] ungeschmückt, ungeschminkt, unverhüllt 
546	auctor	wiktionary-ok	Urheber; Gründer; Ratgeber; Verfasser	:[1] der Urheber :[2] der Gewährsmann, der Bürge :[3] das Vorbild, der Lehrer, der Leiter :[4] der Schriftsteller, der Berichterstatter, der Geschichtsschreiber :[5] der Ratgeber, der Anrater, der Anstifter, der Urheber :[6] der Gründer, der Stifter, der Ahnherr 
547	animal	wiktionary-ok	Lebewesen; Tier	:[1] Tier, Geschöpf, Lebewesen 
548	decus	georges-ok	Zierde; Schmuck; Ehre	[1936] decus , oris, n. (deceo), die Zierde, I) im allg., die Zierde, sowohl konkret = der Zierat, der körperl. Reiz, die reizende Schönheit, als abstrakt = der Anstand, die Auszeichnung, der Glanz, die Herrlichkeit, die äußere Würde, die Ehre, 1) eig., α) v. sächl. Subjj.: decora atque ornamenta fanorum, Cic.: decus ornamentumque senectutis, Cic.: decus et ornamentum triumphi, Cic.: superimpositu
549	salūs	wiktionary-ok	Wohlergehen; Rettung; Gruß	:[1] Wohlbefinden, Wohlergehen, Gesundheit :[2] Heil :[3] Rettung :[4] Leben, Existenz :[5] Gruß 
550	patēre	wiktionary-ok	offenstehen; sich erstrecken; offenkundig sein	:[1] nicht geschlossen sein; offenstehen :[2] räumliche Ausmaße haben; sich erstrecken, sich ausdehnen 
551	rogāre	wiktionary-ok	fragen; bitten	:[1] fragen :[2] bitten :[3] holen 
552	uxor	wiktionary-ok	Ehefrau	:[1] weiblicher Ehepartner; Ehefrau, Gattin, Gemahlin 
553	abīre	wiktionary-ok	weggehen; fortgehen	:[1] weggehen, fortgehen, fortziehen, fortreisen :[2] (irgendwie) davonkommen, wegkommen :[3] vergehen, verfließen, (dahin)schwinden :[4] in etwas übergehen, sich in etwas verbreiten :[5] aufgebraucht werden, vergehen :[6] von etwas abschweifen, von etwas abweichen, etwas aufgeben :[7] sich wegbewegen, fortbewegen 
554	regere	wiktionary-ok	lenken; leiten; beherrschen	:[1] gerade richten, lenken, leiten :[2] regieren, beherrschen :[3] zurechtweisen 
555	adeō	wiktionary-ok	so sehr; so lange; sogar	:[1] bis zu dem Punkt, bis dahin :[2] bis zu dem Zeitpunkt, so lange :[3] in diesem Maße; so sehr 
556	auferre	wiktionary-ok	wegnehmen; wegtragen; rauben	:[1] wegtragen, wegbringen, wegschaffen :[2] sich entfernen, verschwinden :[3] entreißen, wegnehmen, fortreißen, abtrennen :[4] davontragen, gewinnen, erlangen :[5] etwas Unangenehmes verschwinden lassen; etwas entfernen, etwas beseitigen 
557	quantum	georges-ok	wie viel; wie sehr; so viel wie	[2136] quantum , s. quantus, a, um. Quelle: Karl Ernst Georges: Ausführliches lateinisch-deutsches Handwörterbuch. Hannover 8 1918 (Nachdruck Darmstadt 1998), Band 2, Sp. 2136. Permalink: http://www.zeno.org/nid/20002603616 Lizenz: Gemeinfrei Faksimiles: 2136 Kategorien: Wörterbuch Ähnliche Einträge in anderen Lexika Brockhaus-1911 : Quantum Meyers-1905 : Q&#x016D;antum satis &middot; Quantum Pier
558	senex	wiktionary-ok	alter Mann; Greis	:[1] alt, bejahrt :[2] übertragen: reif :[1] eine alte Person ::[1a] maskulinum: alter Mann, Greis ::[1b] femininum: alte Frau, Greisin 
559	frōns	wiktionary-ok	Stirn; Vorderseite; Front	:[1] Laub, Laubwerk :[2] Laubkranz, Laubkrone :[1] Stirn 
560	propter	wiktionary-ok	wegen	:[1] daneben, nahe dabei, in der Nähe :[1] eigentlich räumlich: neben, nahe bei :[2] kausal (Angabe eines Grundes): wegen, aus, durch :[3] um eine Beziehung, Rücksicht auszudrücken: wegen, in Rücksicht auf, auf Veranlassung (jemandes) 
561	rēgius	wiktionary-ok	königlich	:[1] zu einem König gehörig, sich auf einen König beziehend; königlich :[2] übertragen: königlich, prächtig, vortrefflich :[3] übertragen: herrisch, herrschsüchtig 
562	currere	wiktionary-ok	laufen; eilen	* :[1] sich schnell auf seinen Beinen fortbewegen; laufen, rennen, eilen :[2] bei Wettkämpfen, von Mensch und Pferd: laufen, rennen :[3] Schifffahrt: fahren, segeln :[4] von Rädern, Scheiben: laufen, umlaufen, kreisen :[5] von Flüssigkeiten/Fließgewässern: laufen, rinnen, fließen :[6] vom Flug: eilen :[7] von Gestirnen: umlaufen, kreisen :[8] von Dingen/Zuständen, die sich um etwas herumziehen ode
563	pellere	wiktionary-ok	stoßen; schlagen; vertreiben	:[1] stoßen, schlagen :[2] in Bewegung setzen, rühren :[3] bewegen, erregen :[4] fortstoßen, verstoßen, verjagen :[5] zurückdrängen, zum Weichen bringen :[6] Durst löschen, Hunger stillen 
564	dīves	wiktionary-ok	reich	:[1] reich :[2] reichlich, fruchtbar :[3] kostbar, prächtig :[1] der Reiche 
565	iūdicāre	wiktionary-ok	urteilen; beurteilen; entscheiden	:[1] Gerichtswesen: Richter sein, (als Richter) richten, ein Urteil fällen, gerichtlich entscheiden, verurteilen :[2] (be)urteilen, glauben, meinen :[3] entscheiden, beschließen, bestimmen :[4] der Meinung sein, meinen, schätzen; etwas für etwas halten oder erklären 
566	pecus	wiktionary-ok	Vieh	:[1] das Vieh ::[1a] als Gattung ::[1b] insbesondere das Kleinvieh, Schafe ::[1c] poetisch: ein Stück Vieh (wie pecus, pecudis ) :[2] vom Menschen, als verächtliches Schimpfwort :[1] ein einzelnes Stück Vieh, das Tier :[2] kollektiv, wie pecus, pecoris : das Vieh :[3] im Plural: Landtiere :[4] übertragen, als Schimpfwort von einfältigen oder stumpfsinnigen Menschen 
567	potēns	wiktionary-ok	mächtig; fähig	:[1] mächtig, gewaltig, einflussreich :[2] fähig, kundig, im Stande :[3] einer Sache mächtig :[4] tüchtig, mächtig, stark 
568	scrībere	wiktionary-ok	schreiben; verfassen	:[1] schreiben, zeichnen, verfassen :[2] schildern :[3] schriftlich ernennen 
569	pulcher	wiktionary-ok	schön	:[1] schön :[2] herrlich, rühmlich, vortrefflich 
570	surgere	georges-ok	aufstehen; sich erheben	[2970] surgo , surrēxī etc., s. subrigo. Quelle: Karl Ernst Georges: Ausführliches lateinisch-deutsches Handwörterbuch. Hannover 8 1918 (Nachdruck Darmstadt 1998), Band 2, Sp. 2970. Permalink: http://www.zeno.org/nid/20002679264 Lizenz: Gemeinfrei Faksimiles: 2970 Kategorien: Wörterbuch ZenoServer 4.030.014 Nutzungsbedingungen Datenschutzerklärung Impressum [2872] subrigo (surrigo), u. zsgzg. surg
571	cēterum	georges-ok	übrigens; im Übrigen; aber	[1103] cēterum , s. cēterus. Quelle: Karl Ernst Georges: Ausführliches lateinisch-deutsches Handwörterbuch. Hannover 8 1913 (Nachdruck Darmstadt 1998), Band 1, Sp. 1103. Permalink: http://www.zeno.org/nid/20002273403 Lizenz: Gemeinfrei Faksimiles: 1103 Kategorien: Wörterbuch Ähnliche Einträge in anderen Lexika Brockhaus-1911 : Ceterum censeo Meyers-1905 : Ceterum cens&#x0115;o Pierer-1857 : Cet&#x
572	carēre	wiktionary-ok	nicht haben; entbehren; frei sein von	*transitiv, mit dem Ablativ (der Trennung, separativus) :[1] frei von etwas sein, etwas nicht haben/besitzen; nicht vorhanden sein (egal, ob das Nichtvorhandene gut oder schlecht wäre) :[2] sich von etwas fernhalten, fernbleiben, meiden :[3] durch eigenen Willen etwas nicht haben: sich einer Sache enthalten, nicht bedienen, von etwas keinen Gebrauch machen, entsagen :[4] schmerzlich entbehren, ver
573	efficere	wiktionary-teilweise	bewirken; herstellen; vollenden	:[1] herausbringen, hervorbringen, erzeugen :[2] schaffen, herstellen, erbauen :[3] aufbringen, auftreiben :[4] zu etwas machen :[5] jemandem etwas antun :[6] zustande bringen, durchsetzen, vollenden, erreichen, bewriken, verursachen :[7] folgen, schließen, beweisen 
574	ōlim	georges-ok	einst; früher; dereinst	[1337] ōlim , Adv. (alter Akk. von ollus = ille), seinerzeit, I) zur Bezeichnung eines unbestimmten, ganz beliebig zu denkenden Zeitpunktes übh., einmal, A) in der Vergangenheit: a) = ehemals, einst, sonst, vor Zeiten, fuit olim senex, Plaut. u. Ter. (s. Meißner Ter. Andr. 221): qui mihi dixit olim, Cic.: alium esse censes nunc me atque olim, cum dabam? Ter.: u. so korresp., olim... mox, Tac.: oli
575	sermō	wiktionary-ok	Gespräch; Rede; Sprache	:[1] Unterredung, Unterhaltung, Gespräch :[2] Gesprächsgegenstand :[3] Sprechweise, Ausdrucksweise :[4] Sprache, Mundart, Dialekt :[5] Predigt, Homilie :[6] Wort Gottes :[7] Versprechen, gegebenes Wort :[8] Anordnung, Befehl 
576	exercēre	georges-ok	üben; trainieren; ausüben	[2544] ex-erceo , cuī, citum, ēre (zu arceo, in Ruhe halten), aus dem Zustande der Ruhe gleichs. heraushalten, d.i. nicht ruhen-, nicht rasten-, nicht feiern lassen, sich rühren lassen, in Atem setzen, ohne Rast beschäftigen, im Gange erhalten, im üblen Sinne (als Synom. von fatigare) abmühen, abtreiben, abhetzen, I) eig.: a) v. der rastlosen Bewegung übh.: equos aequore campi, umhertummeln, Verg.
577	gradus	wiktionary-ok	Schritt; Stufe; Rang	:[1] der Schritt :[2] die Stufe, die Sprosse :[3] die Treppe, die Leiter :[4] die Stellung :[5] der Standpunkt, die Einstellung :[6] Stufe, Stufung, Grad :[7] der Rang, die Würde :[8] der Vergleichungsgrad, die Steigerungsstufe :[9] stufenförmige Sitzreihe, Tribüne, Zuschauertribüne :[10] Tonlage, Tonstufe 
578	agitāre	wiktionary-ok	treiben; betreiben; überlegen	:[1] transitiv: in Bewegung setzen; bewegen, treiben :[2] transitiv: gewaltsam bewegen; schütteln, rütteln :[3] transitiv: (Pferde oder Fahrzeuge) treiben, lenken 
579	forte	georges-ok	zufällig	[2823] forte , s. fors. Quelle: Karl Ernst Georges: Ausführliches lateinisch-deutsches Handwörterbuch. Hannover 8 1913 (Nachdruck Darmstadt 1998), Band 1, Sp. 2823. Permalink: http://www.zeno.org/nid/20002392976 Lizenz: Gemeinfrei Faksimiles: 2823 Kategorien: Wörterbuch Ähnliche Einträge in anderen Lexika Brockhaus-1809 : Piano-Forte Brockhaus-1911 : Forte DamenConvLex-1834 : Forte und Piano (Musi
580	honestus	wiktionary-ok	ehrenhaft; angesehen	:[1] einen guten Ruf genießend, in Ansehen stehend; ansehnlich, angesehen, anständig, geachtet, geehrt, ehrenwert, ehrbar :[2] Ehre mit sich bringend; ehrenvoll :[3] von angesehener Geburt, aus gutem Hause :[4] den Vorstellungen von Ehre und Ansehen entsprechend; ehrenhaft, ehrenwert, ehrbar, schicklich, anständig :[5] wohlgestaltet, hübsch, schön 
581	morārī	unbelegt	sich aufhalten; zögern; aufhalten	
582	praesidium	georges-ok	Schutz; Besatzung; Posten	[1881] praesidium , iī, n. (praeses), der Vorsitz, das Vorsitzen; dah. I) eig., der Schutz, die Hilfe, a) übh.: alci esse praesidio, Cic.: ferre alci praesidium, Cic.: in fuga sibi praesidium ponere, Caes.: alci proficisci praesidio, Nep. – b) als milit. t. t., die Bedeckung, das Geleit, legiones, quae praesidio impedimentis erant, Caes.: duas legiones praesidio relinquere, Caes.: ut tantum sexagi
583	sonāre	wiktionary-ok	tönen; erklingen	:[1] tönen, klingen, schallen 
584	praebēre	georges-ok	gewähren; bieten; zeigen	[1819] praebeo , uī, itum, ēre (= praehibeo, von prae u. habeo), I) hinhalten, hinreichen, darreichen, os, Ter.: crus alterum, Cic.: immotam cervicem, Liv. fr.: terga, den Rücken zeigen, die Flucht ergreifen, Curt.: os ad contumeliam, sich öffentlich beschimpfen lassen, Liv.: manum verberibus, Ov.: aurem, aures, s. auris: parvulo ubera, Iustin.: cibum de manu, Colum.: aquam pedibus, Plaut. – II) ü
585	regiō	wiktionary-ok	Gegend; Gebiet; Richtung	:[1] Richtung :[2] Gegend :[3] Grenze 
586	sententia	wiktionary-ok	Meinung; Ansicht; Satz	:[1] Meinung, Ansicht, Anschauung :[2] die amtliche Meinung, das Votum (der Senatoren), der Beschluss, das Urteil :[3] der Sinn (eines Wortes), die Bedeutung (eines Wortes) :[4] der Inhalt (einer Rede) :[5] der (in Worten fixierte) Gedanke :[6] der Denkspruch, die Sentenz 
587	ācer	wiktionary-ok	scharf; heftig; energisch	:[1] zum Schneiden geeignet; spitz, scharf, schneidend :[2] unangenehm für den Geschmack; scharf, pikant, beißend, bitter :[3] unangenehm für das Gefühl, körperliche Schmerzen hervorrufend; schneidend, stechend, beißend :[4] unangenehm für das Gehör; scharf, helltönend, grell, kreischend :[5] unangenehm für den Geruch; scharf, penetrant :[6] unangenehm für die inneren Gefühle; stechend, nagend, em
588	suprā	wiktionary-ok	über; oberhalb	:[1] räumlich: oberhalb, oben, darüber :[2] weiter oben auf der Seite, im Text oder in der Liste; oben :[3] zeitlich: vorher :[4] übertragen: darüber hinaus, mehr :[1] räumlich: oberhalb, obenauf, über … hinaus :[2] zeitlich: vor :[3] über … hinaus, mehr 
589	brevis	wiktionary-ok	kurz	:[1] kurz, klein, schmal (räumliche Ausdehnung in die Weite) :[2] kurz, klein, niedrig (räumliche Ausdehnung in die Höhe und Länge) :[3] niedrig, flach, seicht (räumliche Ausdehnung in die Tiefe) :[4] kurz (zeitlich) :[5] vorübergehend, vergänglich, flüchtig (Dinge von kurzer Dauer) :[6] kurz, geschärft (Metrik) :[7] sich kurz fassend (Rede) :[8] knapp, gering, dürftig (Essen, Last, Kosten) 
590	citus	wiktionary-ok	schnell	:[1] rasch, schnell 
591	cornū	wiktionary-ok	Horn; Flügel (des Heeres)	:[1] Horn, Gehörn, Geweih :[2] Schnabel :[3] Huf :[4] Spitze, Ende, (äußerste) Ecke :[5] Flügel einer Schlachtordnung (des Heeres oder der Flotte) :[6] Auswüchse im Gesicht (große Warzen oder Ähnliches) :[7] Haarbüschel der Germanen 
592	ingrātus	georges-ok	undankbar; unangenehm	[265] in-grātus , a, um, unangenehm, I) im allg., unangenehm, unlieb, unfreundlich, widrig, unbeliebt, a) v. Lebl., frons, unfreundliche, störrische Miene, Prop.: vita, Jammerleben, Hor.: otium, unwillkommene, Hor.: labor, Verg. (vgl. no. II, B): ingrati successus hominum, Ov.: fuit haec oratio non ingrata Gallis, Caes.: ne invisa dis immortalibus oratio nostra aut ingrata esse videatur, Cic.: quo
593	moenia	unbelegt	Stadtmauern	
594	vinculum	wiktionary-ok	Fessel; Band	:[1] Band, Schlinge, Strick :[2] Sandalen :[3] Fesseln (eines Gefangenen) :[4] Gefängnis :[5] Band, Fessel (als einschränkendes Mittel) :[6] Band des Zusammenhaltes :[7] Band, Fessel 
595	adīre	wiktionary-ok	herangehen; aufsuchen; sich wenden an	:[1] hinzugehen, herangehen, sich nähern :[2] sich an jemanden wenden, jemanden bitten, jemanden fragen :[3] jemanden angreifen, jemanden attackieren 
596	cēterus	wiktionary-ok	übrig; Pl.: die übrigen	:[1] der/die/das andere :[2] die anderen, die übrigen 
597	exīre	wiktionary-ok	hinausgehen; herauskommen	:[1] herausgehen, hinausgehen :[2] ausrücken, ins Feld ziehen :[3] übertragen: jemanden, etwas verlassen, scheiden :[4] ablaufen, zu Ende gehen 
598	mālle	wiktionary-ok	lieber wollen	:[1] mehr/eher/lieber wollen 
599	speciēs	wiktionary-ok	Aussehen; Anblick; Schein	:[1] das Sehen, der Blick, der Anblick, das Aussehen :[2] die Gestalt, das Äußere, die Erscheinung :[3] gelegentlich auch: die Schönheit, die Pracht, das Traumbild, die Vision :[4] der Schein, der Anschein :[5] die Vorstellung, der Begriff, die Idee :[6] das Ideal :[7] Biologie: die Art, die Spezies 
600	ultrā	wiktionary-ok	jenseits; über … hinaus	:[1] räumlich: weiter hinaus, jenseits, dahinter :[2] zeitlich: länger, weiterhin :[3] übertragen, in Verbindung mit Maßangaben: ferner, weiter :[1] räumlich: über … hinaus, jenseits :[2] zeitlich: länger als, über (eine gewisse Zeit) … hinaus :[3] übertragen, in Verbindung mit Maßangaben: über, mehr als 
601	certē	wiktionary-ok	sicher; gewiss; wenigstens	:[1] mit Gewissheit, sicher, gewiss, ohne jeden Zweifel :[2] doch sicherlich, doch gewiss, doch wenigstens 
602	imperāre	wiktionary-ok	befehlen; herrschen	:[1] befehlen, gebieten :[2] (be)herrschen, befehligen :[3] beordern, berufen, rufen :[4] verordnen 
603	male	wiktionary-ok	schlecht	:[1] nicht angenehm; schlecht, übel, schlimm, unangenehm :[2] nicht ehrlich; schlecht, übel, schurkisch, unehrlich, treulos 
604	prohibēre	wiktionary-ok	abhalten; hindern; verbieten	:[1] abhalten, abwehren :[2] hindern, verhindern :[3] untersagen, verwehren, verbieten :[4] bewahren, schützen 
605	clāmor	georges-ok	Geschrei; Lärm	[1189] clāmor , ōris, m. (clamo), der laute Ruf, das Geschrei, a) der Menschen, cl. magnus, Cic., Caes. u. Sall.: civilis, der Mitbürger, Liv.: ingens, Höllenlärm, Verg. u. Curt.: acer, Cornif. rhet.: immodicus insolitusque, Plin. ep.: concitatior, excitatior, Liv.: cl. congruens (Ggstz. dissonae voces), Liv.: varius ac dissonus, Curt.: fremitus et clamor dissonus in diversa vocantium, Sen.: clamo
606	dōnāre	wiktionary-ok	schenken; beschenken	:[1] transitiv: etwas schenken, jemanden beschenken 
607	officium	wiktionary-ok	Pflicht; Aufgabe; Dienst	:[1] die Pflicht, die Verpflichtung, die Aufgabe, der Beruf :[2] die pflichtmäßige Handlung, die Dienstfertigkeit, die Höflichkeit, die Gefälligkeit :[3] der Dienst, das Amt, das Amtsgeschäft :[4] der Beamte, der Dienstbeamte 
608	committere	wiktionary-teilweise	anvertrauen; begehen; veranstalten	:[1] zusammenfügen, verbinden, vereinigen :[2] beginnen, abhalten, veranstalten :[3] kämpfen lassen (zum Kampf zusammenbringen) :[4] begehen, verüben :[5] sich vergehen :[6] verschulden 
609	crēscere	wiktionary-ok	wachsen; zunehmen	:[1] anfangen hervorzukommen, nach und nach hervorkommen: wachsen, zunehmen, vergrößern, immer größer werden :[2] wachsen :[3] entstehen, wachsen :[4] heranwachsen, groß werden :[5] steigen, anschwellen :[6] sich mehren, zunehmen, erweitern; mehr werden: die Zahl wächst (zum Beispiel der Feinde) :[7] sich steigern 
610	aequus	wiktionary-ok	gleich; eben; gerecht; gelassen	:[1] von Flächen: eben, flach, waagerecht, horizontal :[2] von Dingen: gleich, gerade, waagerecht :[3] übertragen: örtlich: günstig, gelegen :[4] übertragen: zeitlich: günstig, gelegen :[5] übertragen: von dem Gemüt: gleichmütig, ruhig, gelassen, gleichgültig, zufrieden, geduldig :[6] von der Beschaffenheit: gleich, gleich groß, gleichgestellt, gleichartig :[7] Militär: unentschieden, ohne Entsche
611	factum	wiktionary-ok	Tat; Handlung	:[1] Tat, Handlung 
612	caedere	wiktionary-ok	fällen; niederhauen; töten	:[1] schlagen, peitschen, auf etwas hauen, stoßen :[2] abhauen, abschlagen, Bäume fällen :[3] etwas kaputt machen: zerschlagen, zerbrechen :[4] Lebewesen/Menschen niederschlagen, töten 
613	exīstimāre	wiktionary-ok	meinen; glauben; einschätzen	:[1] transitiv, mit Genitiv oder Ablativ: einschätzen :[2] transitiv, mit Prädikatsnomen, indirekter Frage oder a. c. i.: der Meinung sein, meinen 
614	accēdere	wiktionary-ok	herantreten; sich nähern; hinzukommen	:[1] sich an einen Ort heranbewegen; herantreten, herankommen :[2] sich feindlich heranbegewegen; heranrücken, anrücken :[3] Zugang bekommen, herankommen, hereinkommen, eindringen :[4] sich in der Lebenszeit nähern, in der Zeit herankommen :[5] (von der Zeit) herantreten, herankommen, heranziehen, sich nähern, nahen :[6] einen Zusatz darstellen, hinzukommen :[7] zuteilwerden, zufallen 
615	contemnere	georges-ok	verachten; geringschätzen	[1591] con-temno , tempsī, temptum, ere (in Hdschrn. u. Ausgg. auch contempno geschr., s. Wagner Orthogr. Verg. p. 422. Osann Cic. de rep. 1, 31. p. 75), einen Ggstd. als für uns wertlos od. unbedeutend gleichgültig od. geringschätzig behandeln = nicht beachten, zurücksetzen, hintansetzen, gleichgültig beiseitesetzen oder liegen lassen, etwas gleichgültig hinnehmen, gleichgültig über etw. hinwegse
616	pudor	wiktionary-ok	Scham; Anstand; Ehrgefühl	:[1] Scham, Schamgefühl, Scheu :[2] Ehrgefühl, Ehrenhaftigkeit :[3] Schamhaftigkeit, Keuschheit :[4] Schüchternheit 
617	antīquus	wiktionary-ok	alt; ehemalig	:[1] seit langer Zeit vorhanden; alt, altertümlich :[2] vorher exisiert habend; alt, ehemalig, vormalig, einstig 
618	ārdēre	wiktionary-ok	brennen; glühen	:[1] intransitiv: in Flammen stehen, in Flammen aufgehen; brennen 
619	ibi	wiktionary-ok	dort; da	:[1] örtlich: da, daselbst, dort :[2] zeitlich: dann, damals, alsdann :[3] übertragen: darin, dabei, damit 
620	prōvincia	wiktionary-ok	Provinz; Amtsbereich	:[1] Wirkungskreis, Geschäftskreis, Aufgabe, Amt :[2] Provinz, Provinzialverwaltung (eines unter römischer Herrschaft stehenden Landes) :[3] Grafschaft, Gebiet 
621	quandō	wiktionary-ok	wann?; einst	:[1] zu welcher Zeit, zu welchem Zeitpunkt; wann :[2] zu welcher Zeit, zu welchem Zeitpunkt; wann :[3] zu der Zeit, wenn 
622	custōs	wiktionary-ok	Wächter; Hüter	:[1] Wächter, Hüter :[2] Aufseher, Aufpasser :[3] Küster 
623	superesse	georges-ok	übrig sein; überleben	[2950] super-sum , fuī, esse, I) übrig sein, u. zwar als Rest oder als Überschuß, A) als Rest übrig sein, übrig bleiben, noch vorhanden sein, a) v. lebl. Subjj.: duae partes, quae mihi supersunt illustrandae, Cic.: biduum supererat, Caes.: non multum aestatis supererat, Caes.: quantum hominis avarissimi satietati superfuit, Cic.: quod gerendis rebus superesset, Liv.: quoniam mihi per condicionem f
624	dēsinere	georges-ok	aufhören	[2085] dē-sino , siī, situm, ere, I) tr. ablassen von etw., es unterlassen, verlassen, mit etw. aufhören, telam, Ter.: artem, aufgeben, nicht mehr betreiben, Cic.: artem athleticam, Gell.: bellum, Sall. fr.: oppugnationem, Gell.: versus, Verg.: amicitiam cum alqo, Fronto: bei Dichtern nicht selten für deserere, wie dominam, Ov. – mit Infin., aufhören zu usw. (deutsch auch oft durch nicht mehr, nic
625	fessus	wiktionary-ok	müde; erschöpft	:[1] müde, erschöpft 
626	praeda	wiktionary-ok	Beute	:[1] fremdes Besitztum, das im Krieg gewonnen wird; Beute, Kriegsbeute 
627	memoria	wiktionary-ok	Erinnerung; Gedächtnis	:[1] Gedenken von etwas Vergangenem; Gedächtnis, Andenken, Erinnerung :[2] Gedenken von etwas Positivem oder Negativen; Bewusstsein :[3] Denken an etwas Zukünftiges; Gedanke :[4] metonymisch: Zeit, an die man sich erinnert :[5] metonymisch: Vorfall oder Ereignis, an das man sich erinnert :[6] etwas, das zum Gedenken veranlasst; Denkmal, Grabmal :[7] christlich: Altar, Kapelle, Reliquienschrein :[8
628	dīvidere	wiktionary-ok	teilen; trennen	:[1] in zwei oder mehrere Teile zerlegen; teilen, trennen, spalten :[2] räumlich von jemandem oder etwas fernhalten; trennen, abtrennen, scheiden, abgrenzen 
629	pretium	wiktionary-ok	Preis; Wert; Lohn	:[1] positive Entschädigung; Preis, Belohnung, Lohn :[2] negative Entschädigung; Strafe, Bestrafung :[3] finanzieller Wert; Preis 
630	pontus	unbelegt	Meer	
631	varius	wiktionary-ok	bunt; verschieden; wechselnd	:[1] verschieden, vielfältig :[2] bunt 
632	vehere	wiktionary-ok	fahren; tragen; bringen	:[1] fahren :[2] führen, tragen, bringen 
633	falsus	wiktionary-ok	falsch; unwahr	:[1] erdichtet, erfunden, unwahr, falsch :[2] heuchlerisch, trügerisch 
634	niger	wiktionary-ok	schwarz; dunkel	:[1] schwarz, schwärzlich, dunkelfarbig 
635	oppidum	wiktionary-ok	Stadt; Kleinstadt	:[1] befestigter, dauerhaft bewohnter Ort, insbesondere in Italien; Stadt :[2] Schranken im Zirkus; Verschanzung 
636	pondus	wiktionary-ok	Gewicht; Last	:[1] Gewicht, Pfund :[2] Gewicht, Nachdruck, Ansehen :[3] Gewicht, Last, Bürde 
637	arvum	wiktionary-ok	Acker; Feld	:[1] Ackerland, Saatland :[2] Flur, Gefilde, Gegend :[3] Weideplatz :[4] Gestade, Ufer :[5] weibliches Geschlecht 
638	arx	georges-ok	Burg	[606] arx , arcis, f. (v. Stamme ARC in arceo; vgl. Varr. LL. 5, 151), ein von Natur od. durch Kunst fester, hoher Punkt, der eine Stadt, eine Gegend deckt od. beherrscht, eine feste Höhe, -Anhöhe, -Berghöhe, Feste, Zitadelle, Burg, Zwingburg, griech. ἄκρα, ερυμα, I) eig.: A) im engern Sinne: iam montani signo dato ex castellis ad stationem solitam conveniebant, cum repente conspiciunt alios, arce
639	sors	wiktionary-ok	Los; Schicksal; Orakelspruch	:[1] Los, Lostäfelchen, Losstäbchen :[2] Losen, Los, Verlosung :[3] Orakelspruch, Orakel, Weissagung :[4] Amt, Amtsverrichung (das durch das Los zugeteilte) :[5] Schicksal, Bestimmung, Geschick 
640	vīnum	wiktionary-ok	Wein	:[1] Wein :[2] Weinsorten 
641	dīversus	wiktionary-ok	verschieden; entgegengesetzt	:[1] nach einer anderen Richtung gerichtet :[2] nach verschiedenen Richtungen gerichtet 
642	orīrī	wiktionary-ok	entstehen; sich erheben; abstammen	:[1] sich erheben :[2] aufgehen :[3] entstehen, ausbrechen, herrühren :[4] erscheinen, sichtbar werden, sich zeigen :[5] entspringen :[6] abstammen, geboren werden 
643	ecce	wiktionary-ok	sieh da!; schau!	:[1] lenkt die Aufmerksamkeit auf etwas meist Neues hin: da, siehe da, siehe 
644	quamquam	wiktionary-ok	obwohl	*klassisch mit Indikativ: :[1] leitet einen Konzessivsatz ein: obwohl, obschon, obgleich, wenngleich, wiewohl :[2] in einem Hauptsatz: gleichwohl, indessen, doch, jedoch, freilich, zwar 
645	cōnferre	wiktionary-ok	zusammentragen; vergleichen	:[1] vergleichen :[2] auf einen Punkt vereinigen, zusammentragen, zusammenbringen, zusammenfassen :[3] etwas beisteuern, aufbringen, entrichten, beitragen 
646	facinus	wiktionary-ok	Tat; Untat; Verbrechen	:[1] Handlung, Tat :[2] Schandtat, Übeltat, Untat, Verbrechen :[3] Missetäter, Verbrecher, Bösewicht :[4] Werkzeug des Verbrechens :[5] Ding, Sache 
647	retinēre	georges-ok	zurückhalten; festhalten; behalten	[2365] retineo , tinuī, tentum, ēre (re u. teneo), I) zurückhalten, aufhalten, festhalten, A) eig.: 1) zurück-, aufhalten, a) leb. Wesen: quid nunc me retines? Plaut.: concilium dimittit, Liscum retinet, Caes.: nisi iam profecti sunt, [2365] retinebis homines, Cic.: legatos (Ggstz. dimittere legatos), Liv.: milites, milites in loco, legiones ad urbem, cohortes apud se, Caes.: venit Varro ad me, et
648	spērāre	wiktionary-ok	hoffen; erwarten	:[1] (Günstiges) erhoffen, erwarten, hoffen :[2] (Ungünstiges) erwarten, fürchten, befürchten 
649	plēbs	georges-ok	einfaches Volk; Plebs	[1736] plēbs , plēbis, f. (plēre, πληθος), die Volksmenge, dah. I) der Bürgerstand, die Bürgerlichen, das Volk, die Plebejer (Ggstz. patricii, patres, senatus, während populus auch diese umfaßt), Cic.: dictator de plebe dictus, Liv.: consulem de plebe non accipiebat, Cic.: Plur., Apul. de dogm. Plat. 2, 24. Augustin. epist. 105, 1: urbanae et rusticae plebes, Lact. de mort. pers. 23, 2: corona ple
650	pūgna	wiktionary-ok	Kampf; Schlacht	:[1] Kampf, das kämpferische Aufeinandertreffen sowohl einzelner als auch Gegner zweier Heere :[2] Gefecht :[3] Schlachtreihe :[4] Faustkampf, Schlägerei 
651	repetere	georges-ok	zurückverlangen; wiederholen; sich erinnern	[2322] re-peto , īvī u. iī, ītum, ere, I) wieder auf etw. zu - od. losgehen; dah. a) wieder angreifen mit etw., regem repetitum saepius cuspide ad terram affixit, Liv.: bis cavere, bis repetare, nachstoßen, Quint.: alqm toxico, Suet.: repetuntur pectora luctu, wieder ergriffen, befallen, Val. Flacc.: dulci repetitus amore, sich der früheren Liebe erinnernd, Sil. – b) wiederschlagen, mulam calcibus
652	cōnstituere	wiktionary-ok	beschließen; festsetzen; aufstellen	* :[1] etwas aufrecht hinstellen, etwas oder jemanden an einen Ort legen, setzen oder stellen; aufstellen, hinlegen, hinsetzen, hinstellen :[2] etwas beschließen, bestimmen, vereinbaren :[3] einen Entschluss fassen :[4] etwas physisch schaffen; anlegen, bauen, errichten :[5] Truppen bilden :[6] jemanden einem Ort zuweisen; stationieren, verlegen :[7] einrichten, festigen, ordnen :[8] haltmachen la
653	dēfendere	georges-ok	verteidigen; abwehren	[1954] dē-fendo , fendī, fēnsum, ere (de und *fendo, vgl. offendo), wegstoßen, I) fernhaltend, abwehrend = fernhalten, abhalten, abwehren, abweisen, einer Sache Einhalt tun, def. ictus ac [1954] repellere (v. Tüchern), Caes.: nimios solis ardores (v. Weinstocke), Cic.: frigus (v. der Toga), Hor.: inopiam in egenis rebus (v. Getreide), Col.: def. bellum, defensiv verfahren (Ggstz. inferre bellum), 
654	marītus	wiktionary-ok	Ehemann	:[1] ehelich, verehelicht :[2] zur Ehe gehörig :[1] Ehemann, Gatte, Ehegatte, verheirateter Mann 
655	cernere	wiktionary-ok	sehen; wahrnehmen; unterscheiden	:[1] transitiv: scheiden :[2] transitiv, auch absolut: mit den Augen wahrnehmen, gewahren, sichten, sehen 
656	superbus	georges-ok	hochmütig; stolz	[2932] superbus , a, um ( zu super, wie probus zu pro) = ὑπερήφανος, sich erhebend über andere, stolz, I) im üblen Sinne, 1) eig., v. leb. Wesen, hochfahrend, übermütig, hochmütig, hoffärtig (Ggstz. moderatus), a) v. Pers.: α) absol., Cic. u.a. (auch subst., procax et superbus, Sen. de const. 18, 5): ni desinis esse superba, den Hochmut ablegst (fahren läßt), Tibull.: superbum se praebuit in fortu
657	adversus	wiktionary-ok	entgegengesetzt; ungünstig; feindlich	:[1] zugekehrt, zugewandt ::[1a] mit dem Gesicht/mit der Vorderseite zugewandt, auf der Vorderseite befindlich, vorliegend, vorstehend, vorn :[2] als Gegenpart gegenüberstehend ::[2a] entgegen, gegenüber ::[2b] zuwider, ungünstig, widrig, unglücklich ::[2c] zuwider, verhasst ::[2d] als dialektischer terminus technicus: entgegengesetzt, das Gegenteil/den Gegensatz bildend oder bezeichnend :[1] der 
658	morbus	wiktionary-ok	Krankheit	:[1] die Krankheit :[2] die krankhafte Leidenschaft 
659	sānctus	wiktionary-ok	heilig; unverletzlich; ehrwürdig	:[1] heilig, ehrwürdig, geweiht 
660	commūnis	wiktionary-teilweise	gemeinsam; allgemein	:[1] mehreren gemein, allgemein, gemeinschaftlich, öffentlich :[2] gleichstellend, demokratisch, leutselig, freundlich :[3] gewöhnlich, üblich 
661	dēdūcere	wiktionary-ok	wegführen; hinführen; ableiten	:[1] transitiv: von einem Ort wegführen 
662	rīpa	wiktionary-ok	Ufer	:[1] Bachufer, Flussufer :[2] Meeresrufer :[3] Rand 
663	concēdere	wiktionary-ok	erlauben; zugestehen; weichen	:[1] intransitiv: beiseite treten, sich wegbewegen, entweichen :[2] intransitiv, mit Dativ: jemandem weichen, sich jemandem fügen :[3] transitiv: überlassen, zugestehen, erlauben, gestatten 
664	hōra	wiktionary-ok	Stunde	:[1] Zeit :[2] Jahreszeit :[3] Stunde (bestimmte Tageszeit) :[4] Uhr 
665	vetāre	wiktionary-ok	verbieten	:[1] verbieten, nicht gestatten 
666	cohors	wiktionary-ok	Kohorte; Schar	:[1] der umzäunte Ort, der Hof, der Hofraum, der Viehhof, das Gehege :[2] das Gefolge, die Schar, die Menge :[3] das Zehntel einer Legion, die Kohorte 
667	gīgnere	wiktionary-ok	hervorbringen; erzeugen; gebären	:[1] transitiv: zeugen, erzeugen, gebären :[2] transitiv, übertragen: erzeugen, hervorbringen, verursachen 
668	superāre	wiktionary-ok	übertreffen; besiegen; überwinden	:[1] hervorkommen, hervorragen :[2] überlegen sein, die Oberhand gewinnen :[3] reichlich vorhanden sein, Überflüssig sein :[4] übergehen, überfahren, übersteigen :[5] übertreffen :[6] überwältigen, überwinden 
669	maestus	wiktionary-ok	traurig; betrübt	:[1] traurig, betrübt, niedergeschlagen, schwermütig :[2] Trauer verursachend; traurig 
670	meminisse	wiktionary-ok	sich erinnern; denken an	:[1] denken an :[2] sich erinnern an, sich entsinnen an :[3] gedenken 
671	implēre	georges-ok	anfüllen; erfüllen	[103] im-pleo , plēvī, plētum, ēre (in u. *pleo), vollmachen, anfüllen, I) eig. u. übtr.: A) im allg., anfüllen, vollfüllen, vollgießen, a) eig.: fossas, Liv.: amphoram ad summum, Plaut.: m. Abl., mero pateram, Verg.: os aquā, W. in den M. nehmen, Sen.: gremium frustis, Cic.: uterum generoso semine, Ov.: impletae cibis vinoque venae, Liv.: m. Genet. (wie εμπίμπλημι), omnes angulos furum, Plaut.: o
672	māgnitūdō	wiktionary-ok	Größe; Bedeutung	:[1] Größe, Weite :[2] große Menge (an Geld etc.) :[3] Stärke :[4] Bedeutung, Wichtigkeit 
673	vacuus	wiktionary-ok	leer; frei	:[1] leer, frei, unbesetzt, ungeschützt :[2] offen, zugänglich :[3] herrenlos, erblos :[4] frei, müßig (von Geschäften, Sorgen etc.) :[5] ledig, unverheiratet, ohne Geliebten (von Frauen und Mädchen) :[6] nichtig, eitel, wertlos :[7] ruhig, still 
674	vagus	wiktionary-ok	umherschweifend; unstet	:[1] umherschweifend, umherstreifend, unstet :[2] schwankend, unbeständig :[3] unbestimmt, allgemein :[4] flüchtig, locker :[5] ziellos, planlos, nach allen Seiten offen :[6] weit umherschweifend 
675	vulgus	wiktionary-ok	Volk; Masse; Pöbel	:[1] oft nachlässig: Volk, Volksmasse, Menschenmenge :[2] Menge 
676	dēficere	georges-ok	abfallen; ausgehen; fehlen; ermatten	[1966] dē-ficio , fēcī, fectum, ere (de u. facio), eig. wegmachen, I) intr. oder refl., sich weg-, fortmachen, u. zwar: A) eine Verbindung trennend = sich losmachen, abtrünnig od. untreu werden, a) im polit. Sinne (Ggstz. in fide manere, ad officium redire), defecerat Samus, descierat Hellespontus, Nep.: ne cuncta Gallia deficeret, Caes.: ut civitates eius insulae, quae semel in amicitiam nostram 
677	occurrere	georges-ok	begegnen; entgegentreten; einfallen	[1303] occurro , currī, cursum, ere (ob u. curro), I) entgegenlaufen, eilig entgegengehen, begegnen, auf jmd. od. etw. stoßen, A) eig. u. übtr.: 1) eig., a) im allg.: alci, Caes.: alci obviam, Liv.: signis, Caes.: eadem figura in litore occurrisse narratur, Plin. ep.: quadrigae inter se occurrentes, einander begegnend, Curt. – b) insbes.: α) entgegengehen aus Höflichkeit u. Achtung, Alexandro, fil
678	statuere	wiktionary-ok	aufstellen; festsetzen; beschließen	:[1] hinstellen, aufstellen :[2] errichten, erbauen, gründen :[3] setzen, festsetzen, bestimmen, anordnen :[4] (richterlich) entscheiden, urteilen :[5] beschließen, sich vornehmen, sich in den Kopf setzen :[6] meinen, glauben, dafür halten 
679	ideō	georges-teilweise	deshalb; daher	[24] id-eō , Adv. deswegen, darum, daher, absol., Plaut., Cic. u.a.: mit folg. quod, quia, quoniam, Cic. u.a.: m. folg. ut od. ne u. Konj., Cic. u.a.: m. folg. quo (damit desto) facilius u. Konj., Varro LL. 5, 90: m. folg. quin u. Konj., Liv. 2, 15, 2. Quelle: Karl Ernst Georges: Ausführliches lateinisch-deutsches Handwörterbuch. Hannover 8 1918 (Nachdruck Darmstadt 1998), Band 2, Sp. 24. Permalin
680	praemium	georges-ok	Belohnung; Preis	[1860] praemium , iī, n. (prae u. emo), das Vorausgenommene, I) im allg., Vorteil, Vorrecht, Auszeichnung, Gunstbezeigung, im Plur. auch Gaben, Schätze, die man vor anderen besitzt, u. dgl., praemia vitae, Lucr.: praemia insani scribae, Hor.: omnia praemia donaque fortunae, Cic.: licebat celerius legis praemio, durch die besondere Gunst des G., Cic. Vgl. die Auslgg. zu Hor. ep. 1, 9, 11. – II) ins
681	praetereā	georges-ok	außerdem; ferner	[1892] praetereā , Adv. (v. praeter u. dem Abl. ea), I) außerdem, überdies, Cic. u.a. – bei Abteilungen, außerdem, ferner, Ter. u. Cic. – II) noch fernerhin, noch weiter, in Zukunft, neque illum praeterea vidit, Verg. georg. 4, 502: u. so Verg. Aen. 1, 49. Quelle: Karl Ernst Georges: Ausführliches lateinisch-deutsches Handwörterbuch. Hannover 8 1918 (Nachdruck Darmstadt 1998), Band 2, Sp. 1892-189
682	tertius	wiktionary-ok	der dritte	:[1] Ordnungszahl: der Dritte 
683	supplicium	wiktionary-ok	Strafe; Hinrichtung	:[1] flehentliches Bitte, Beten, Flehen :[2] Hinrichtung, Todesstrafe :[3] Marter, Qual, Pein :[4] Wunde, Verletzung, Verstümmelung (die durch das Martern herbeigeführt wurden) 
684	vātēs	georges-ok	Seher; Dichter	[3375] vātēs , is, c., der Prophet, Weissager, die Prophetin, Weissagerin, der Seher, die Seherin, Sibylle, I) eig.: A) im allg., Plaut., Cic. u.a.: Cicero... quae nunc usu veniunt cecinit ut vates, Cic. – Amphrysia, Verg.: hāc vate suadente, Cic.: vera fuit vates, Kassandra, Ov. – B) insbes., der gottbegeisterte, prophetische Sänger, die Sängerin = der Dichter, die Dichterin ( hingegen poëta = de
685	astrum	wiktionary-ok	Stern; Gestirn	:[1] Stern, Gestirn, Sternbild :[2] Höhe, Himmel 
686	undique	wiktionary-ok	von allen Seiten; überall	:[1] aus allen Richtungen; von überall 
687	canis	wiktionary-ok	Hund	:[1] Hund, Hündin :[2] schlechtester Wurf beim Würfeln :[3] die Ungläubigen 
688	ēdere	geprueft-gleich	herausgeben; bekannt machen; hervorbringen	:[1] essen, fressen, verzehren :[1] etwas heraus tun, ausscheiden, gebären, veröffentlichen, äußern 
689	fatērī	wiktionary-ok	gestehen; bekennen	:[1] bekennen, gestehen, zugeben :[2] übertragen: zu erkennen geben, bekennen, an den Tag legen, sichtbar werden lassen, zeigen 
690	amīcitia	wiktionary-ok	Freundschaft	:[1] Beziehung zwischen Freunden; Freundschaft :[2] Bündnis zwischen Völkern oder Oberhäuptern; Freundschaftsbündnis 
691	aureus	wiktionary-ok	golden	:[1] aus Gold, golden :[2] mit Gold verziert, vergoldet, goldbeschlagen :[3] goldfarbig, goldschimmernd :[4] poetisch: schön, reizend, herrlich, allerliebst 
692	candidus	wiktionary-ok	weiß; glänzend; hell	:[1] weiß, schneeweiß, blendend weiß, glänzend weiß :[2] strahlend, glänzend :[3] heiter, froh, glücklich :[4] aufrichtig, ehrlich, redlich 
693	interim	georges-ok	inzwischen; unterdessen	[369] inter-im , Adv., I) unterdessen, A) eig.: a) mittlerweile, inzwischen, Komik., Cic., Caes. u.a.: hoc interim tempore, Cic.: interim eo tempore, Eutr.: nunc interim, Plaut.: cum interim, Pompon. com., Sall. u.a.: interim dum, Komik., Caes. u.a. – b) vor der Hand, [369] für jetzt, vorerst, einstweilen, Caes., Tac., Quint. u.a. – B) übtr., indessen = bei alledem, jedoch, Plaut. Quint. u.a. – II
694	frūstrā	wiktionary-ok	vergeblich; umsonst	:[1] irrtümlich :[2] vergeblich, nutzlos, umsonst :[3] zwecklos, grundlos 
695	latēre	wiktionary-ok	verborgen sein; sich verstecken	:[1] verborgen sein 
696	os	wiktionary-ok	Knochen	:[1] der Mund, das Maul :[2] das Antlitz, das Gesicht :[1] der Knochen, das Bein :[2] im Plural: die Gebeine, das Skelett 
697	sēcūrus	georges-ok	sorglos; unbekümmert; sicher	[2566] sēcūrus , a, um (1. se u. cura), ohne Sorge, sorg-, harmlos, I) eig., unbesorgt, unbekümmert, furchtlos, voll Sicherheitsgefühl, a) v. Pers., Liv. u.a.: verb. securi solutique, Liv.: securi otiosique, Quint.: securus pro salute, Tac.: pro me securior, Tac.: securior ab alqo, Liv.: securi contra litigatores, Plin.: contra eorum insidias, Augustin.: securus de bello erat, Liv.: animus securus
698	convenīre	wiktionary-ok	zusammenkommen; treffen; passen	:[1] zusammenkommen, zusammentreffen, sich versammeln, jemanden besuchen oder aufsuchen :[2] übereinkommen, sich einigen :[3] zusammenpassen 
699	interficere	wiktionary-ok	töten	:[1] verzehren, zugrunde machen, kaputtmachen, niedermachen :[2] töten, ermorden, meucheln :[2a] mit dem Schwert hinrichten 
700	appellāre	wiktionary-ok	nennen; anrufen; ansprechen	:[1] jemanden ansprechen, anreden :[2] nennen, bezeichnen :[3] jemanden offiziell zu etwas erklären; bezeichnen, benennen, betiteln, anerkennen 
701	dolus	wiktionary-ok	List; Täuschung	:[1] List, Täuschung, Betrug :[2] Täuschungsmittel 
702	permittere	wiktionary-ok	erlauben; überlassen	:[1] transitiv: gehen lassen :[2] transitiv: überlassen, lassen, anvertrauen, zur Verfügung stellen :[3] transitiv: überlassen, schenken, aufopfern :[4] transitiv: zulassen, erlauben, geschehen lasen 
703	spīritus	wiktionary-ok	Atem; Hauch; Geist	:[1] der Lufthauch, der Luftzug :[2] der Atem, das Atemzug :[3] der Lebenshauch, das Leben :[4] das Seufzen :[5] der Duft, der Dunst, die Ausdünstung :[6] der Geist, die Seele :[7] der hohe Geist, der hohe Gedanke :[8] der Mut, der Übermut :[9] die Begeisterung, der Enthusiasmus :[10] spiritus asper, spiritus lenis :[11] Alkohol, Weingeist, Spiritus 
704	intrā	georges-ok	innerhalb	[402] intrā (st. inteā sc. parte, v. *interus, a, um), I) Adv. (Compar. interius, Superl. intimē), innerhalb, inwendig, auch (bei Verben der Bewegung) einwärts (Ggstz. extra), a) übh.: huius (fistulae) ea pars, quae intra, paulo longior esse debet, quam quae extra, Cels.: haec vasa et opercula extrinsecus et intra diligenter esse picata debebunt, Colum.: deni in quadram pedes quadraginta, per oram
705	terrēre	wiktionary-ok	erschrecken; in Schrecken versetzen	:[1] schrecken, erschrecken, einschüchtern :[2] von etwas abschrecken :[3] aufscheuchen, verscheuchen, verjagen 
706	fōns	wiktionary-ok	Quelle	:[1] Quelle :[2] Quellwasser :[3] Ursache, Ursprung 
707	invidia	wiktionary-ok	Neid; Missgunst; Hass	:[1] Neid, Missgunst 
708	pūgnāre	wiktionary-ok	kämpfen	:[1] kämpfen, fechten, streiten :[2] streiten, im Streit liegen, uneinig sein :[3] widersprechen :[4] ringen, streben, sich bemühen 
709	augēre	wiktionary-ok	vergrößern; vermehren	:[1] die Menge oder Größe von etwas erhöhen; vergrößern, vermehren :[2] (die Anzahl) vermehren; erhöhen, steigern :[3] (etwas Abstraktes) in seinem Ausmaß vergrößern; vergrößern, vermehren :[4] (ein Gefühl) stärker machen; vergrößern, vermehren, heben, erhöhen, steigern :[5] (etwas Unterwünschtes) schlimmer machen; vergrößern, vermehren, steigern 
710	littera	wiktionary-ok	Buchstabe	:[1] Buchstabe :[2] Schriftzug, Handschrift 
711	monēre	wiktionary-ok	mahnen; ermahnen; erinnern	:[1] ermahnen, auffordern :[2] erinnern, auf etwas aufmerksam machen 
712	dīvitiae	wiktionary-ok	Reichtum	:[1] Reichtum 
713	experīrī	georges-ok	versuchen; erproben; erfahren	[2579] ex-perior , pertus sum, īrī (vgl. perītus, perīculum, comperīre, griech. πειραν), durch angestellte Versuche sich Erfahrung in etw. verschaffen, - etw. in Erfahrung bringen, I) = versuchen, probieren, A) = πειράν τινος λαμβάνω, die Beschaffenheit, Kraft, Leistung, Wirkung von etw. versuchen, erproben, mit etw. od. jmd. einen Versuch-, eine Probe anstellen, etw. prüfen, untersuchen, jmd. auf
714	superī	georges-ok	die Götter (oben)	[2940] superī , ōrum, m., s. superus. Quelle: Karl Ernst Georges: Ausführliches lateinisch-deutsches Handwörterbuch. Hannover 8 1918 (Nachdruck Darmstadt 1998), Band 2, Sp. 2940. Permalink: http://www.zeno.org/nid/20002676109 Lizenz: Gemeinfrei Faksimiles: 2940 Kategorien: Wörterbuch Ähnliche Einträge in anderen Lexika Vollmer-1874 : Dii superi ZenoServer 4.030.014 Nutzungsbedingungen Datenschutze
715	ōtium	wiktionary-ok	Muße; freie Zeit; Ruhe	:[1] Zeit, in der man nicht berufstätig ist; freie Zeit, Muße, Stillleben :[2] freie Zeit für andere Arbeiten und insbesondere für wissenschaftliche und literarische Beschäftigung; Studium :[3] übertragen, Politik: politische Ruhe 
716	vestīgium	wiktionary-ok	Spur; Fußspur	:[1] Fußsohle :[2] Hufeisen (künstliche Fußsohle des Pferdes) :[3] Spur, Fährte :[4] Standort 
717	sinere	georges-ok	lassen; zulassen	[2686] sino , sīvī, situm, ere, eig. niederlassen, niederlegen, hinlegen, so nur noch im Partiz. situs u. in dem Kompositum pōno (= posino); im verb. fin. nur übtr.; etw. geschehen lassen, dulden, gestatten, I) im allg.: a) mit einem Objektsatz: α) mit folg. Acc. u. Infin.: nos transalpinas gentes oleam et vitem serere non sinimus, Cic.: vinum ad se omnino importari non sinunt, Caes.: huic ordini 
718	decet	unbelegt	es gehört sich; es ziemt sich	
719	effundere	wiktionary-ok	ausgießen; vergießen	:[1] ausgießen, vergießen :[2] ausschütten, ausleeren :[3] jemandem sein Herz ausschütten :[4] herausschicken, aussenden :[5] von sich geben, hören lassen, erklingen lassen :[6] hervorbringen, spenden :[7] auslassen :[8] aushauchen :[9] verschleudern, vergeuden 
720	prōmittere	wiktionary-ok	versprechen	:[1] (Haar und Bart) wachsen lassen :[2] (Tränen) hervorfließen lassen :[3] versprechen, verheißen, zusagen, zusichern :[4] eine Einladung annehmen, zusagen :[5] vorhersagen 
721	fingere	georges-ok	bilden; formen; erfinden; sich vorstellen	[2764] fingo , fīnxī, fictum, ere ( altindisch dēgdhi, er bestreicht, verkittet, dēhī, der Damm, Wall, griech. τειχος, τοιχος für θειχος, θοιχος), I) eine Masse od. in einer Masse formen, gestalten, bilden, bildend schaffen, von Bildnern, die in Ton, Wachs, dann auch von solchen, die in bildsamen Stoffen übh. arbeiten, griech. πλάττειν, 1) eig.: a) eine Masse: ceras, Col. 9, 15, 7: molissimam cera
722	respicere	geprueft-gleich	zurückblicken; berücksichtigen	[2350] respicio , spēxī, spectum, ere (re u. specio), intr. u. tr., zurücksehen, hinter sich sehen, I) eig., Cic. u.a.: ad alqm, Ter.: in alqm, Apul.: nusquam circumspiciens aut respiciens, Liv.: neque post respiciens nec ante prospiciens, Varro fr. – mit Acc., teils = sich nach etw. od. jmd. umsehen, tribunal, Liv.: Eurydicen suam, Ov.: amissam, amicum, Verg.: cum, quidnam esset, quod respicere v
723	imperātor	georges-ok	Feldherr; Kaiser	[90] imperātor , ōris, m. (impero), jeder Befehlshaber, Vorgesetzte, Gebieter, I) eig.: A) im allg.: familiae (des Hausgesindes), Plaut.: imp. histricus, Direktor der Schauspieler, Plaut.: imp. populus, Tac.: populus est imp. omnium gentium, Cic.: vitae, Sall.: vitae necisque, Plin.: im Wortspiel mit imperare provinciam (ein Amt anweisen), Plaut. mil. 1159 u. 1160. – B) insbes., der oberste Befehl
724	vacāre	wiktionary-ok	frei sein; leer sein	:[1] leer sein, frei sein, ledig sein, unbesetzt sein :[2] herrenlos sein :[3] von etwas frei sein, etwas fern bleiben :[4] freie Zeit haben, Muße haben :[5] besitzerlos sein :[6] vakant sein :[7] nicht verlehnt sein :[8] jemandem zufallen :[9] unwirksam/aufgehoben sein 
725	color	wiktionary-ok	Farbe	:[1] die Farbe :[2] die Gesichtsfarbe, der Teint :[3] die Farbenpracht (von Blumen etc.), die Schönheit, der Glanz :[4] der äußere Anstrich, das Äußere :[5] der Ton, die Farbe, das Kolorit :[6] der äußere täuschende Anstrich, die Beschönigun 
726	discēdere	georges-teilweise	weggehen; sich entfernen	[2190] dis-cēdo , cessī, cessum, ere, I) auseinander gehen, sich trennen, sich teilen, in duas partes, Sall.: inter se, Nep.: in manipulos, Tac. – v. Lebl., discedit terra, Cic.: caelum discedit, d.i. trennt sich, öffnet sich, Cic. de div. 1, 97 u. 99; dah. er heitert sich auf, Verg. Aen. 9, 20. – übtr., a) grammat. od. logisch zerfallen, ab uno capite in duo obliquos casus (Ggstz. in unum conflue
727	gaudium	wiktionary-ok	Freude	:[1] (innere) Freude, Vergnügen :[2] Genuss, Wollust :[3] Wonne (Gegenstand der Freude), Liebling 
728	caecus	georges-ok	blind; dunkel	[896] caecus , a, um (altirisch caech, got. haihs, einäugig), Adi. m. Compar. (Hor. sat. 1, 2, 91), kein Licht habend, lichtlos, I) aktiv: A) eig., nicht sehend, blind, a) v. leb. Wesen: catuli aeque caeci, priusquam dispexerunt, ac si ita futuri semper essent, Cic.: nemo, ne ille quidem qui caecus factus est, Cic.: Hypsaea caecior illa... spectes, Hor. – subst., caecus, ī, m; der Blinde, facie mi
729	libet	wiktionary-ok	es gefällt; es beliebt	:[1] es beliebt, es gefällt 
730	centum	wiktionary-ok	hundert	:[1] Kardinalzahl: einhundert, 100 :[2] übertragen, Übertreibung: für eine unbestimmte, größere Zahl 
731	cōnstāre	wiktionary-ok	bestehen aus; feststehen; kosten	:[1] feststehen :[2] bestehen :[3] kosten 
732	lingua	wiktionary-ok	Zunge; Sprache	:[1] die Zunge :[2] das Reden, Rede, Worte :[3] Redegabe, Redegewandtheit :[4] ::[a] Geschwätzigkeit ::[b] Lästerzunge, Neigung zum Beschimpfen :[5] die Sprache ::[5a] Mundart, Dialekt, Idiom :[6] Schall, der Laut, Ton, Gesang :[7] eine Landzunge 
733	multitūdō	wiktionary-ok	Menge; große Zahl	:[1] große Anzahl, Menge, Masse 
734	aeternus	wiktionary-ok	ewig	:[1] ewig :[2] unsterblich, unvergänglich, ewig dauernd 
735	circā	unbelegt	um … herum; ringsum	
736	ōrātiō	wiktionary-ok	Rede; Sprache	:[1] das Reden, Sprechen, die Sprache (als Fähigkeit, sich in Worte auszudrücken) :[2] sprachliche Darstellung: die Sprechweise, Ausdruck, Stil :[3] Aussage, Äußerung, Behauptung :[4] eine nach den Regeln der Kunst ausgearbeitete Rede; Vortrag :[5] der Inhalt oder Gegenstand der Rede, das Thema :[6] Beredsamkeit, Redegewandtheit, Rednergabe :[7] Kirchenlatein: Gebet 
737	potestās	wiktionary-ok	Macht; Amtsgewalt; Möglichkeit	:[1] die Kraft, die Macht, die Gewalt :[2] die (politische) Gewalt, die Herrschaft :[3] die Amtsgewalt, das Amt :[4] die Amtsperson, die Behörde :[5] die Vollmacht, die Erlaubnis 
738	tardus	georges-ok	langsam; träge	[3027] tardus , a, um (viell. verwandt mit traho), langsam, säumig, I) eig. (Ggstz. celer, citus, citatus, velox, agilis, sedulus), 1) im allg.: a) von leb. Wesen, homo, Cic.: pecus, Cic.: asellus, iuvenci, Verg.: asinus, Augustin.: iumenta, Sen.: avis (vermutlich) Trappe, Plin.: qui sunt segnes et tardi, Sen.: proci loripedes, tardissimi, Plaut.: erimus inter fortes fugacissimi, inter fugaces tar
739	fārī	wiktionary-ok	sprechen; sagen	:[1] sprechen :[2] kundtun oder verkünden :[3] weissagen 
740	humus	wiktionary-ok	Erde; Erdboden	:[1] Erde, Erdboden, Boden :[2] poetisch: Gegend, Land 
741	testis	wiktionary-ok	Zeuge	:[1] Zeuge, Zeugin :[2] Augenzeuge, Mitwisser :[1] Hoden 
742	īnferre	wiktionary-ok	hineintragen; zufügen	:[1] hineintragen, hineinwerfen :[2] opfern :[3] bellum inferre: Krieg beginnen :[4] in Rechnung stellen, anrechnen :[5] einjagen, einflößen 
743	cūrāre	wiktionary-ok	sorgen für; pflegen; sich kümmern um	:[1] (für etwas oder für jemanden) sorgen, sich (um jemanden oder um etwas) kümmern :[2] (etwas) pflegen, (etwas) mit Sorgfalt behandeln, (etwas) warten :[3] (etwas) herrichten, (etwas) zurechtmachen :[4] (etwas) leiten, verwalten, befehligen 
744	aes	wiktionary-ok	Erz; Bronze; Geld	:[1] Erz, Kupfer, Bronze :[2] Münzen (aus Bronze oder Kupfer), übertragen: Geld 
745	celer	wiktionary-ok	schnell	:[1] schnell, rasch, eilend 
746	prōcēdere	georges-ok	vorrücken; vorwärtsgehen	[1937] prō-cēdo , cessī, cessum, ere, vorwärts-, fortgehen, -schreiten, -rücken, vorgehen, vorrücken, u. mit Berücksichtigung des Ausgangspunktes hervorgehen, -schreiten, -rücken, herausgehen, ausrücken, I) eig. u. übtr.: A) im allg.: 1) eig.: a) übh.: pr. illuc, Plaut.: pr. aliquantum viae, Plaut.: in portum Corcyraeorum ad Cassiopen stadia CXX, Cic. – foribus [1937] foras, Plaut.: e tabernaculo 
747	mēnsa	wiktionary-ok	Tisch	:[1] der Tisch, die Tafel :[2] der Mittagstisch, das Mittagessen :[3] der Verkaufstisch (des Metzgers, der Fischer etc.) :[4] der Wechslertisch (der Bank) :[5] die Tischplattform eines Katapultes oder Geschützes :[6] Brettergerüst (auf dem die zu verkaufenden Sklaven standen) :[7] Mensa, Universitätsmensa 
748	pius	wiktionary-ok	fromm; pflichtbewusst; gewissenhaft	:[1] seinen eigenen moralischen Verpflichtungen nachkommend; pflichtbewusst, gewissenhaft, pflichtgetreu :[2] verstorben und zu Lebzeiten tugendhaft gewesen; selig :[3] von tugendhaft Verstorbenen bewohnt; selig :[4] den moralischen Ansprüchen entsprechend; ehrlich, billig, gerecht, rechtmäßig :[5] Militär: gerecht, rechtmäßig :[6] Religion: seinen religiösen Verpflichtungen nachkommend; fromm, go
749	iūdicium	georges-ok	Urteil; Gericht; Prozess	[482] iūdicium , iī, n. (iūdex, iūdico), I) als publiz. t. t.: 1) = die gerichtliche (richterliche) Untersuchung, die Gerichtsverhandlung, der Gerichtshandel, Prozeß, das Gericht, iud. iniuriarum (wegen usw.), Cic.: tot iudicia de fide mala, tutelae, mandati, pro socio, Cic.: iud. inter sicarios (wegen Meuchelmords), Cic.: iud. privatum (über Mein u. Dein), Cic.: iud. publicum, ein öffentlicher Pr
750	victōria	wiktionary-ok	Sieg	:[1] der Sieg 
751	damnāre	wiktionary-ok	verurteilen	:[1] (jemanden) verurteilen, schuldig sprechen :[2] die Verurteilung (jemandes) betreiben :[3] (jemanden) verdammen :[4] (etwas) missbilligen, ablehnen, verwerfen :[5] (jemandem) dem Tod weihen :[6] (jemandem zu etwas) verpflichten 
752	rārus	wiktionary-ok	selten; vereinzelt; locker	:[1] locker, dünn :[2] einzeln, einzeln stehend, zerstreut, weitläufig, weit, dünn, dünn gesät :[3] selten, nur einzeln, wenige :[4] selten in seiner Art, ungewöhnlich, vortrefflich, außerordentlich 
753	tempestās	wiktionary-ok	Unwetter; Sturm; Zeit; Wetter	:[1] Zeit, Zeitpunkt, Zeitabschnitt :[2] Zeitumstände, Zeitlage :[3] Wetter, Witterung :[4] Unwetter, Sturm, Gewitter 
754	imāgō	wiktionary-ok	Bild; Abbild; Vorstellung	:[1] künstlerische Nachbildung von jemandem oder etwas; Bild, Bildnis, Abbild :[2] aus Wachs gefertigte Totenmaske eines Ahnen, die im Atrium aufbewahrt wurde und beim Leichenzug getragen wurde; Imago :[3] Bild, das von einer Oberfläche reflektiert wird; Spiegelbild :[4] Bild, das von Objekten ausgesendet wird und vom Auge erfasst wird; Eidolon :[5] Laut, der reflekiert wird; Echo :[6] Bild von et
755	ōrāre	wiktionary-ok	bitten; beten; reden	:[1] Worte machen; reden, sprechen :[2] bitten, ersuchen :[3] etwas besprechen, verhandeln, vortragen :[4] zu Gottheit sprechen, Gottheit um etwas bitten; beten 
756	praeter	wiktionary-ok	außer; an … vorbei	:[1] vorüber, vorbei :[2] außer, ausgenommen :[3] über … hinaus :[4] abgesehen von, nächst, nebst :[5] mehr als, in höherem Grade als 
757	cōnsulere	georges-ok	um Rat fragen; sorgen für; beraten	[1574] cōnsulo , suluī, sultum, ere (vgl. cōnsul, cōnsilium), I) zu Rate gehen, Rat pflegen, beratschlagen, sich beraten, überlegen, a) im allg.: α) ganz absol. (s. Fabri Sall. Cat. 51, 4. Drak. u. Fabri Liv. 21, 16, 2), od. m. Ang. was? = worüber? durch allg. od. homogenen Acc., consulam, ich will mir's überlegen, Plaut.: etiam consulis? du überlegst dir's (besinnst dich) noch? Plaut.: post consu
758	iterum	georges-ok	wieder; zum zweiten Mal	[473] iterum , Adv., I) zur Bezeichnung der Wiederholung einer Handlung in derselben Weise = abermals, noch einmal, zum zweiten Male, a) im allg., Plaut., Cic. u.a. – C. Flaminius consul iterum, Cic.: Lentulus consularis et praetor iterum, Vell. – verb. iterum deinde, Liv.: iterum nunc, iterum iam, noch einmal jetzt, Plaut. u. Sall.: numquam iterum, niemals wieder, Plaut. – b) zur Bezeichnung eine
759	porta	wiktionary-ok	Tor	:[1] das Stadttor, das Tor :[2] der Ausgang, der Eingang, der Zugang :[3] Zielbereich, in den der Ball hinein muss 
760	interesse	georges-ok	dazwischen sein; teilnehmen	[390] inter-sum , fuī, esse, I) pers.: A) dazwischensein, sich dazwischen befinden, dazwischenliegen, a) im Raume: Tiberis inter eos interesset, Cic.: via interest, Liv. – b) übtr., v. der Zeit, inter primum et sextum consulatum XLVI anni interfuerunt, Cic.: anni triginta interfuere, sind dazwischen verflossen, Liv. – B) entfernt sein, 1) eig.: clatros interesse oportet pede, Cato r. r. 4. – 2) üb
761	libīdō	wiktionary-ok	Begierde; Lust; Willkür	:[1] Lust, Reiz, Trieb, Begierde :[2] Zügellosigkeit, Sucht, Ausschweifung :[3] Lüsternheit, Wollust, Geilheit :[4] unzüchtige, wollüstige Darstellungen in Malerei und Plastik 
762	sustinēre	georges-ok	aushalten; ertragen; stützen	[2982] sustineo , tinuī, ēre (1. sus u. teneo), etw. in die Höhe-, aufrecht-, emporhalten, stützen, nicht sinken lassen, halten, tragen usw.; dah. I) eig.: 1) erhalten, aufrecht erhalten, [2982] nicht sinken lassen, halten, sustine hoc, halte das (das Gewand) einmal, Plaut.: aër sustinet volatus avium, Cic.: se a lapsu (vom Gleiten, Fallen), sich aufrecht halten, sich halten, daß man nicht falle, 
763	aliquandō	wiktionary-ok	einmal; irgendwann; endlich	:[1] irgendwann, irgendeinmal :[2] manchmal, bisweilen :[3] endlich (einmal) 
764	māiōrēs	wiktionary-ok	Vorfahren	:[1] Vorfahren, Ahnen 
765	reperīre	georges-ok	finden; wiederfinden; erfinden	[2321] re-perio , repperī, repertum, īre (re u. per -io; vgl. comperio u.a.), wiederfinden, auffinden, finden, antreffen, I) eig.: parentes suos, Ter.: mortui sunt reperti, Cic. – II) übtr.: 1) übh.: a) ausfindig machen, ermitteln, entdecken, wahrnehmen, erfahren, sehen, causas duas, Cic.: verum, Ter.: quibus (armis) quemadmodum salutariter uterentur, non reperiebant, Cic.: neque reperire poterat,
766	intrāre	unbelegt	eintreten; betreten	
767	pietās	wiktionary-teilweise	Pflichtgefühl; Frömmigkeit; Ehrfurcht	:[1] Frömmigkeit :[2] Zärtlichkeit, Sanftmut, Liebe 
768	barbarus	wiktionary-ok	Ausländer; Barbar	:[1] ausländisch, fremd :[2] ungebildet :[3] roh, wild :[1] der Ausländer :[2] der Fremde 
769	culpa	wiktionary-ok	Schuld; Fehler	:[1] Schuld :[2] Unzulänglichkeit (einer Sache) 
770	iūstus	wiktionary-ok	gerecht; rechtmäßig	:[1] sich an das Recht haltend; gerecht 
771	dōnec	georges-ok	bis; solange	[2287] dōnec , Coni. (aus doneque, donique = denique), I) so lange als od. noch, zur Angabe, daß die Dauer der einen Handlung an die Dauer der andern [2287] geknüpft sei, nach ihr sich richte, mit dem Indikativ; aber bei kausaler Beziehung zwischen Haupt- u. Nebensatz mit dem Konj., Komik., Liv. u.a. – II) so lange bis, bis daß, bis endlich, bis wirklich (s. Müller Liv. praef. § 9), zur Angabe, da
772	fluere	wiktionary-ok	fließen; strömen	:[1] fließen, strömen :[2] zerfließen, sich auflösen 
773	necesse	georges-ok	notwendig; nötig	[1123] necesse , Adi. neutr. (ne u. cedo), unausweichlich, nur in Verbindung mit esse u. habere, I) nec. esse, unausweichlich-, unumgänglich-, unabänderlich-, notwendig-, erforderlich sein, müssen, id necesse est, Titin. com. 12: nihil fieri, quod non nec. fuerit, Cic. de fato 17: emas non quod opus est, sed quod nec. est, Cato in Sen. ep. 94, 27: at hic etiam, id quod tibi nec. minime fuit, facet
774	rērī	wiktionary-ok	meinen; glauben	:[1] meinen, glauben :[2] berechnen, rechnen 
775	tenebrae	wiktionary-ok	Finsternis; Dunkelheit	:[1] Finsternis, Nacht :[2] Dunkelheit, Verborgenheit, Dunkel 
776	saeculum	wiktionary-ok	Zeitalter; Jahrhundert; Generation	:[1] das Zeugungsgeschlecht, Geschlecht :[2] Menschenalter, Generation (33,5 Jahre) :[3] Gepflogenheiten einer Generation; Zeitalter, Zeitgeist :[4] sehr lange Zeitdauer; Jahrhundert 
777	dīmittere	georges-ok	entlassen; wegschicken; aufgeben	[2173] dī-mitto , mīsī, missum, ere (dis u. mitto), I) nach verschiedenen Seiten hin schicken, ausschicken, aussenden, entsenden, herumschicken, umherschicken, -senden, pueros circum amicos, Cic.: nuntios in omnes partes, Caes.: litteras passim in alias urbes, Liv.: ex omni parte flagella, die Fangarme ausstrecken, Ov.: aciem (oculorum) in omnes partes, den Blick umherwerfen, umherblicken, Ov.: an
778	licet	georges-ok	auch wenn; obwohl	[649] licet , licuit u. licitum est, ēre, v. intr. u. impers. I) es ist erlaubt, vergönnt, steht frei, ich od. man kann, -darf, -mag u. dgl., mit Dat. pers. od. absol., α) m. Infin. als Subj., licet rogare? darf ich? Cic.: licet intellegi, man kann einsehen, Cic.: licet mirari, cernere, man mag (= man muß) bewundern usw., Cic. – m. Acc. u. Infin., non licet hominem esse etc., daß der Mensch usw., 
779	cinis	wiktionary-ok	Asche	:[1] die (gröbere) Asche :[2] die Totenasche :[3] der Aschenhaufen, die Trümmer (verwüsteter Städte) :[4] die Vernichtung, der Ruin 
780	cōnsistere	georges-ok	sich aufstellen; stehen bleiben; bestehen aus	[1532] cōn-sisto , stitī, ere, sich beistellen, d.i. sich hinstellen, I) im allg., sich hinstellen, hintreten, auftreten, 1) eig.: a) v. Fuße u. v. leb. Wesen, ubi (crus) consistit, calx quoque terram non contingit, Cels. – is qui proxime constiterat, der Zunächststehende, Val. Max.: qui constitit intus, Ov.: c. ex diverso, Quint.: eo loci, ubi etc., Val. Max. – c. ad mensam, Cic.: ad aras, Ov.: a
781	recēns	wiktionary-ok	frisch; neu	:[1] kräftig, ungeschwächt, frisch, rüstig :[2] neu, jung, frisch :[3] frisch, herzhaft (von Speisen) 
782	aliter	wiktionary-ok	anders; sonst	:[1] anders, auf andere Weise :[2] unter anderen Bedingen, in anderen Umständen; anders 
783	laedere	georges-ok	verletzen; beleidigen	[537] laedo , laesī, laesum, ere, verletzen, versehren, [537] beschädigen, I) eig.: brachia, Plaut.: cursu aristas, Verg.: frondes, Ov.: ne te frigora laedant, nachteilig auf dich (auf deine Gesundheit) einwirken, Hor.: laesus nube dies, verdunkelter, Lucan.: zonā laedere (= elidere) collum, sich erdrosseln, Hor. carm. 3, 27, 60. – II) übtr., verletzen, beleidigen, kränken, wehtun, zu nahe treten,
784	probāre	wiktionary-ok	billigen; prüfen; beweisen	:[1] prüfen, untersuchen, erproben :[2] anerkennen, billigen, genehmigen, gutheißen 
785	dolēre	wiktionary-ok	Schmerz empfinden; bedauern; schmerzen	:[1] schmerzen, weh tun :[2] betrübt sein, trauern, leiden 
786	quārē	georges-ok	warum; weshalb; deshalb	[2140] quā-rē , Adv. (qui u. res), I) durch welches Mittel, wodurch, A) interrog.: quid si nunc tute fortunatus fias? Ch. quare? wodurch? wie? Ter. eun. 369. – B) relat.: multas res addidit, quare luxuria reprimeretur, Nep.: permulta sunt, quae dici possunt, quare intellegatur, Cic.: accendis, quare cupiam magis illi proximus esse, du entflammst in mir die Lust, so daß ich deshalb wünsche usw., Ho
787	antequam	wiktionary-ok	bevor; ehe	:[1] bevor, ehe, eher als 
788	reliquus	wiktionary-ok	übrig; restlich	:[1] ohne den Rest; übrig, restlich, andere 
789	semel	wiktionary-ok	einmal	:[1] einmal, ein einziges Mal 
790	ōdisse	wiktionary-ok	hassen	:[1] hassen :[2] nicht gerne sehen 
791	sīcut	georges-ok	so wie; wie	[2654] sīc-ut u. sīc-utī , Adv., sowie, gleichwie, wie, I) im allg.: a) m. einem Verbum: s. factum erat, Cic.: s. praedico, Plaut.: s. sapiens poëta dixit, Cic.: sicuti dixi, Plaut.: sicuti accepi, Sall. – m. folg. ita, itidem, sic: s.... ita, Liv.: s.... sīc, Caes. u. Tac.: sicuti... ita, Caes.: sicuti... itidem, Plaut.: m. folg. ubi, s... ūbi, wie... wann, Verg. – b) ohne Verbum: amplectitur me 
792	peccāre	wiktionary-ok	einen Fehler machen; sündigen	:[1] sündigen, verkehrt handeln, einen Fehler machen :[2] sich an jemandem vergreifen :[3] straucheln, stolpern, stürzen 
793	sēnsus	wiktionary-ok	Gefühl; Sinn; Empfindung; Meinung	:[1] das Gefühl :[2] die Empfindung :[3] das Bewusstsein :[4] der Verstand :[5] der Sinn 
794	exsilium	georges-ok	Verbannung; Exil	[2611] exsilium (exilium), iī, n. (exsul), der Aufenthalt außerhalb des Vaterlandes infolge polit. Verhältnisse od. Vergehungen, er sei freiwillig od. einem als Strafe zuerkannt, die Verbannung, Landesverweisung, das Exil, I) eig.: exsilii [2611] poena, Cic.: exs. voluntarium, Sen.: alqm exsilio afficere od. multare, Cic.: in exsilium ire od. pergere, Cic.: in exsilium voluntarium secedere (v. Sci
795	cor	wiktionary-ok	Herz	:[1] Anatomie: Herz 
796	dēnique	georges-teilweise	schließlich; endlich	[2042] dēnique , Adv. I) und nun gar, nun gar, 1) in der Aufzählung od. Reihenfolge von Tatsachen od. Argumenten, so daß es den letzten oder vorletzten Fall (wo dann noch postremo folgt) an die vorhergehenden anreiht u. die Partikeln primum, deinde, tum u. ähnliche oft vorangehen, endlich, zuletzt, auch (ohne vorhergehende Partikeln) und außerdem auch, Cic. post red. ad Quir. 16; Cat. 2, 19. Ter. 
797	sapientia	wiktionary-ok	Weisheit; Klugheit	:[1] Klugheit, Weisheit, Vernunft :[2] Vernünftigkeit, Besonnenheit 
798	statim	wiktionary-ok	sofort	:[1] fest, unbeweglich :[2] sogleich, sofort, auf der Stelle 
799	accidere	wiktionary-ok	geschehen; sich ereignen	:[1] niederfallen, hinfallen :[2] vorfallen, vorkommen, sich ereignen, geschehen, passieren, eintreten, sich zutragen :[3] zukommen, zufallen :[4] jemandem zustoßen, jemandem widerfahren :[5] die Sinne erreichen; (zu Ohren) kommen, gehört werden :[1] zum Teil durchschneiden; anhauen, anschneiden :[2] schwere Verluste beibringen; schwächen 
800	dēcernere	wiktionary-ok	beschließen; entscheiden	:[1] entscheiden, beschließen :[2] bestimmen, festsetzen, anordnen :[3] sich entscheiden, sich entschließen :[4] durch Kampf entscheiden :[5] durch Worte entscheiden :[6] jemandem etwas zuerkennen, jemandem etwas zuweisen 
801	occīdere	wiktionary-ok	töten; niederhauen	:[1] transitiv: jemandem das Leben nehmen; erschlagen, töten, umbringen :[1] zusammenbrechen, niederfallen, fallen :[2] durch einen tödlichen Schlag zusammenbrechen; fallen, umkommen, sterben :[3] untergehen 
802	dēscendere	wiktionary-ok	herabsteigen; hinabsteigen	:[1] herabsteigen 
803	hiems	wiktionary-ok	Winter; Sturm	:[1] die Jahreszeit Winter :[2] poetisch: übertragen: Kälte, Frost :[3] übertragen: Sturm, Unwetter, Gewitter :[4] poetisch: Jahr 
804	continēre	wiktionary-ok	zusammenhalten; festhalten; enthalten	:[1] in einer festen Verbindung halten; zusammenhalten, verbinden :[2] in bestimmten Grenzen halten; begrenzen, umschließen, einschließen 
805	dēferre	georges-ok	hinbringen; übertragen; melden	[1960] dē-fero , dē-tulī, dē-lātum, dē-ferre, I) von der Höhe nach der Tiefe herab-, hinabtragen od. - bringen (-senden) od. - schaffen od. - holen, mit hinabnehmen u. dgl., 1) im allg.: amoeno ex Helicone perenni fronde coronam, Lucr. (u. so harmoniai nomen alto delatum Heliconi [vom H.], bildl., Lucr.): ramalia arida tecto, Ov. – pueros protinus ad ripam Tiberis, Val. Max.: alqd ad inferos (Unte
806	oportet	unbelegt	es ist nötig; man muss	
807	tribūnus	georges-ok	Tribun	[3209] tribūnus , ī, m. (tribus), I) tribuni, die Vorsteher der drei Stammtribus, Vertreter der Tribules (s. 1. tribūlis) in politischer, religiöser und militärischer Hinsicht (s. tribus a.A.), Liv. 6, 20, 10, von denen einer unter dem Namen tribunus Celerum an der Spitze steht, weil er zugleich Führer der Celeres (s.d.) ist, Liv. 1, 59, 7. Pompon. dig. 1, 2, 2. § 15. II) übtr.: A) tribuni aerarii
808	bōs	wiktionary-ok	Rind; Ochse	:[1] Rind; speziell im Maskulinum: Ochse, Stier :[2] Kuh 
809	īrāscī	georges-ok	zornig werden	[446] īrāscor , īrāscī (ira), zürnen = zornig werden u. = zornig sein (Ggstz. mirari), pueri dicunt eum furenter irasci, Cic.: desinere irasci, Petron.: ir. de nihilo, Plaut.: in cornua irasci = mit den Hörnern kämpfen, Verg.: mit Dat., amicis, Cic.: sibi, Sen. u. Ps. Quint. decl.: hominibus irasci et suscensere (v. den Göttern), Cic.: ir. admonitioni alcis, Quint. – m. in u. Akk., an et in hunc f
810	aeger	wiktionary-ok	krank	:[1] an einer körperlichen Krankheit leidend; unwohl, krank :[2] erschöpft, schwach, angegriffen :[3] schmerzlich, kummervoll, betrübend, unangenehm, verdrießlich :[1] der Kranke, der Patient 
811	forum	wiktionary-teilweise	Forum; Marktplatz	:[1] ursprünglich: länglicher, viereckiger freier Raum :[2] Marktplatz, Markt, Versammlungsort 
812	offerre	georges-ok	anbieten; entgegenbringen	[1328] offero , obtulī, oblātum, offerre (ob u. fero), entgegentragen, -bringen, darstellen, (vorsätzlich) zeigen, I) eig.: 1) im allg.: a) aktiv: tela ob moenia, Acc. fr.: aciem strictam venientibus, Verg.: os suum non modo ostendere, sed etiam offerre, sich vorsätzlich zeigen, sehen lassen, Cic.: poenam oculis deorum, vor den Augen der Götter vollziehen, Liv.: neque ut quicquam interesset inter 
813	revocāre	georges-ok	zurückrufen; widerrufen	[2379] re-voco , āvī, ātum, āre, I) wieder rufen, d.i. A) wieder rufen, nochmals rufen, -aufrufen, a) übh.: in suffragium, Liv.: rursus ad bibendum, Petron. – b) als gerichtl. t. t., jmd. von neuem vor Gericht laden, auf erneute Anklage jmds. dringen, hominem populus revocat, Cic. ad Q. fr. 2, 4 (6), 6. – c) als szenischer t. t., jmd. von neuem zum Vortrage einer Stelle auffordern, jmdm. da capo z
814	cingere	georges-ok	umgeben; umgürten	[1135] cingo , cīnxī, cīnctum, ere (vgl. κιγκλίς, das Gitter), ringen, umringen = ring-, gürtelartig umschließen, I) im engern Sinne, a) gürten, umgürten, α) den Leib gürten, gew. im Pass., dat teretem zonam, quā modo cincta fuit, Ov.: zonā aureā muliebriter cinctus, Curt.: quasi zonā, liene cinctus ambulo, Plaut. – β) ein Gewand gürten, aufgürten, durch Gürten aufschürzen, sinus, Sil. 2, 236: cin
815	integer	georges-ok	unversehrt; unbescholten; ganz	[340] integer , gra, grum (eig. intager, v. tag zu tango, »tasten«; also =) unangetastet, unversehrt, I) in physischer Hinsicht: a) unberührt = unbenutzt, unübersetzt, comoedia, Ter. heaut. prol. 4: eum Plautus locum reliquit integrum, Ter. adelph. prol. 10. b) unversehrt = unverwundet, unverstümmelt, unverletzt (Ggstz. saucius, vulnere affectus, truncus u. dgl.), Cic., Caes. u.a.: oft verb. integ
816	validus	wiktionary-ok	stark; kräftig	:[1] kräftig, stark :[2] fest, befestigt :[3] gesund, rüstig :[4] einflussreich, mächtig, stark :[5] sich günstig entwickelnd; blühend, gedeihend, florierend 
817	alere	wiktionary-ok	ernähren; fördern	:[1] nähren, ernähren, großziehen :[2] halten, mästen 
818	flōs	wiktionary-ok	Blume; Blüte	:[1] Blume, Blüte :[2] Blütensaft, Honigsaft :[3] blühender Zustand, Jugend :[4] Blüte, Zierde, Schmuck 
819	ictus	wiktionary-ok	Schlag; Stoß; Hieb	:[1] der Schlag, Stoß, Hieb, Schuss, Wurf :[2] Biss oder Stich eines Tieres :[3] Verwundung :[4] kriegerisch: feindlicher Ansturm, Angriff :[5] poetisch, übertragen: Schlag, Schicksalsschlag 
820	colligere	wiktionary-ok	sammeln	:[1] sammeln; zusammenlesen, auflesen, aufsammeln 
821	pergere	georges-teilweise	weitergehen; fortfahren	[1596] pergo , perrēxī, perrēctum, ere (per u. rego), fort und fort richten, eine Richtung, Bewegung verfolgen, bis nach einem Punkte vordringen u. dgl., u. bes. eine schon begonnene Richtung, Bewegung weiter verfolgen, fortsetzen, I) eig.: α) m. Acc.: iter, Sall., Liv. u.a. (s. Fabri Liv. 21, 30, 1): iter coeptum, Auct. b. Afr.: pergam, quo coepi, hoc iter, Ter. – β) mit Infin.: ire, porro ire, w
822	praesēns	wiktionary-teilweise	anwesend; gegenwärtig	:[1] gegenwärtig :[2] augenblicklich, sofortig, derzeitig :[3] auf der Stelle eintretend 
823	rēctus	wiktionary-ok	gerade; richtig	:[1] gerade, in gerader Richtung :[2] senkrecht, aufrecht :[3] richtig, recht :[4] einfach, natürlich, schlicht :[5] geradsinnig :[6] sittlich gut 
824	lātus	wiktionary-ok	breit; weit	:[1] von größerer Ausdehnung in die Breite; breit, weit :[1] Seite des Körpers, Flanke 
825	praeceptum	georges-ok	Vorschrift; Lehre; Gebot	[1825] praeceptum , ī, n. (praecipio), die Vorschrift, Verordnung, Regel, Lehre, Erinnerung, der Befehl, artis, Cic.: medicorum, philosophorum, rhetorum praecepta, Cic.: praecepta Latine loquendi, Cic.: praecepta de ratione scribendi, Suet.: praecepto observato, Caes.: praecepta tradere dicendi, Cic.: praecepta dare, Cic.: dare alci sapientiae praecepta, Cic.: et augendi et laudandi et vituperandi
826	recēdere	georges-ok	zurückweichen; sich zurückziehen	[2214] re-cēdo , cessī, cessum, ere, I) zurücktreten, zurückweichen, sich zurückziehen (Ggstz. accedere), A) eig. u. übtr.: 1) eig., v. Pers.: accessit ilico alter, ubi alter recessit, Cato fr.: Ad. Pone nos recede. Co. Fiat. Ad. Nos priores ibimus, Plaut.: r. hinc, r. huc, Plaut.: non sensim, sed citato gradu, Curt.: ab alqo, procul ab alqo, Plaut., ab alqo loco, Quint., ab alqa re, Ov.: ex eo lo
827	utrum	wiktionary-ok	ob	:[1] in direkter Frage: meist unübersetzt; etwa :[2] in indirekter Frage: ob 
828	famēs	wiktionary-ok	Hunger	:[1] Hunger :[2] Hungersnot :[3] Armut, Dürftigkeit :[4] Begierde, Gier 
829	parere	wiktionary-ok	gebären; hervorbringen; erwerben	:[1] intransitiv, mit Dativ: sich nach etwas oder jemandem richten, sich leiten lassen, gehorchen :[2] sichtbar sein, sich zeigen, erscheinen :[3] erwiesen sein, feststehen :[1] gebären, laichen, Eier legen, Nachkommen zur Welt bringen :[2] hervorbringen, erfinden, erzeugen, erwerben, sich zuziehen 
830	appārēre	wiktionary-ok	erscheinen; sichtbar werden	:[1] intransitiv: physisch sichtbar sein :[2] intransitiv: bemerkbar sein :[3] intransitiv: gesehen werden, erscheinen, sein :[4] intransitiv: geschaffen werden, erscheinen, ersichtlich sein :[5] intransitiv: wiedergefunden werden; erscheinen, auftauchen :[6] intransitiv: sichtbar werden, erscheinen 
831	quōmodo	wiktionary-ok	wie; auf welche Weise	:[1] Auf welche Weise? Wie? :[2] Auf diese Weise …, Auf solche Weise ... 
832	error	wiktionary-ok	Irrtum; Irrfahrt	:[1] Irrtum, Missverständnis, Täuschung :[2] Abweichen vom rechten Weg :[3] Ungewissheit :[4] Wahn, Verblendung, Irrsinn :[5] Liebeswahn :[6] Missgriff, Fehler :[7] Verirrung, Vergehen 
833	fortasse	wiktionary-ok	vielleicht	:[1] vielleicht, vermutlich, hoffentlich, wohl; kann sein, dass, sollte; ich denke :[2] mit Zahlenangaben: ungefähr, etwa 
834	convertere	georges-ok	umwenden; verwandeln; richten auf	[1664] con-verto (vorto), vertī (vortī), versum (vorsum), ere, umkehren, umwenden, umdrehen, od. m. Bezug auf das Ziel, hinkehren, hinwenden, hindrehen, refl. se convertere od. bl. convertere u. Passiv converti medial = sich um - od. hinkehren usw., I) eig.: 1) nach der andern Seite (nach vorn od. nach hinten, nach oben od. nach unten) od. nach irgend einer Seite um - od. hinkehren, a) übh.: acule
835	proficīscī	wiktionary-ok	aufbrechen; abreisen	:[1] aufbrechen, abreisen 
836	secundus	wiktionary-ok	der zweite; günstig	:[1] der folgende, der nächste, der zweite :[2] nachstehend, geringer, schlechter :[3] mitfolgend, geleitend, günstig :[4] günstig, geneigt, begünstigend, gewogen :[5] glücklich, nach Wunsch gehend 
837	aperīre	wiktionary-ok	öffnen; aufdecken	: :[1] eine Tür oder Tor offen machen; öffnen, aufschließen, aufmachen :[2] den Zugang in ein Gebäude, einen Raum, eine Stadt oder ein Gefäß ermöglichen; öffnen :[3] die Bedeckung von etwas wegnehmen; aufdecken, enthüllen :[4] etwas von Hindernissen befreien; öffnen 
838	castus	wiktionary-ok	rein; keusch; sittsam	:[1] (moralisch) rein, lauter, fleckenlos, unschuldig, anständig :[2] rein, enthaltsam, uneigennützig :[3] keusch, züchtig, unschuldig :[4] fromm, religiös, heilig 
839	iūdex	wiktionary-ok	Richter	:[1] Justiz: der Richter 
840	lapis	wiktionary-ok	Stein	:[1] der Stein :[2] insbesondere: ::[a] Edelstein ::[b] poetisch: Marmor (-stein) ::[c] Grenzstein, Meilenstein ::[d] auch für lapis ultimus (Grabstein) 
841	nimis	wiktionary-ok	zu sehr; allzu	:[1] in zu großer Intensität, Menge: zu sehr, allzu sehr, zu viel, über die Maßen :[2] in erhöhtem Maße: sehr, überaus 
842	onus	wiktionary-ok	Last; Bürde	:[1] Last, Ladung, Fracht :[2] Last, Bürde :[3] Bürde, schwierige Aufgabe 
843	opera	wiktionary-ok	Mühe; Arbeit; Tätigkeit	:[1] Tätigkeit, Arbeit, Mühe :[2] Dienstleistung :[3] Tagewerk :[4] Tagelöhner, Geselle :[5] Zeit, Muße, Gelegenheit (etwas zu tun) 
844	pauper	wiktionary-ok	arm	:[1] arm, unbemittelt :[2] beschränkt, ärmlich, mäßig :[1] der Arme 
845	āēr	wiktionary-ok	Luft	:[1] die untere Luftschicht, Atmosphäre, die uns umgebende Luft :[2] einer der vier Urstoffe; Luft :[3] Dunst, Nebel, Wolke :[4] Duft, Geruch, Witterung 
846	negōtium	wiktionary-ok	Geschäft; Aufgabe; Angelegenheit	:[1] praktische Tätigkeit, Beschäftigung :[2] Tätigkeit für den Staat; Staatsdienst :[3] übertragen: Geschäft, Aufgabe, Auftrag :[4] Politik: Staatsgeschäft, Staatsangelegenheit, Unterhandlung :[5] Militär: Gefecht, Unternehmen :[6] Wirtschaft: Handelsgeschäft, Geldgeschäft :[7] Recht: Rechtsgeschäft, Rechtssache, Rechtsfall :[8] Hauswirtschaft: Hauswesen, häusliche Angelegenheiten, Privatangelege
847	pārēre	wiktionary-ok	gehorchen	:[1] intransitiv, mit Dativ: sich nach etwas oder jemandem richten, sich leiten lassen, gehorchen :[2] sichtbar sein, sich zeigen, erscheinen :[3] erwiesen sein, feststehen :[1] gebären, laichen, Eier legen, Nachkommen zur Welt bringen :[2] hervorbringen, erfinden, erzeugen, erwerben, sich zuziehen 
848	subitō	unbelegt	plötzlich	
849	argentum	wiktionary-ok	Silber; Geld	:[1] weiß glänzendes Edelmetall; Silber :[2] aus Silber gefertigter Gegenstand; Silber, Silbergeschirr :[3] als Währung genutztes Silber; Silber, Silbergeld :[4] Geld, Bargeld; Zahlung 
850	ūtilis	wiktionary-ok	nützlich	:[1] was zu gebrauchen ist, brauchbar, nützlich, zuträglich, tauglich, dienlich, tüchtig 
851	aethēr	wiktionary-ok	Himmel; obere Luft	:[1] obere Luftschicht, Äther, Himmel 
852	merēre	wiktionary-ok	verdienen; Kriegsdienst leisten	:[1] transitiv: verdienen, erwerben :[2] transitiv, übertragen: verdienen, ernten, erwerben, erlangen :[3] intransitiv, mit de und Ablativ: sich um jemanden/etwas verdient machen 
853	portāre	wiktionary-ok	tragen; bringen	:[1] tragen, bringen, befördern 
854	proprius	georges-ok	eigen; eigentümlich	[2015] proprius , a, um ( aus *pro-p(a)trios, also ›dem προπάτωρ gehörig, von ihm herstammend‹), jmdm. ausschließlich eigen, eigentümlich, mir ( dir usw.) allein angehörig, I) eig., und zwar a) im Ggstz. zu communis (gemeinschaftlich), tria praedia vel nobilissima Capitoni propria traduntur, Cic.: propriis viribus consiliisque bella gerere, Liv.: ista calamitas communis est utriusque nostrûm, sed 
855	avis	wiktionary-ok	Vogel	:[1] Vogel :[2] Vogel in der Vogelschau; Weissagevogel :[3] Vorzeichen, Omen 
856	vānus	wiktionary-ok	leer; nichtig; eitel; prahlerisch	:[1] inhaltslos, leer :[2] nichtig, unbedeutend, vergeblich, erfolglos, fruchtlos :[3] lügenhaft, eitel, prahlerisch, windig, abenteuerlich :[4] grundlos, falsch 
857	māteria	wiktionary-ok	Stoff; Material; Bauholz	:[1] Bauholz, Holz :[2] der grundlegende Stoff, Materie, Material 
858	paucī	unbelegt	wenige	
859	voluntās	wiktionary-ok	Wille; Wunsch	:[1] der Wille, das Wollen, die Neigung, Bestrebung; Wunsch, Verlangen :[2] der gute, freie Wille ::— Ablativ: voluntate: aus eigenem, freien Willen; gern :[3] das Vorhaben, die Absicht :[4] Neigung, Zuneigung Wohlwollen :[5] der letzte Wille 
860	ēgregius	wiktionary-teilweise	hervorragend; ausgezeichnet	:[1] auserlesen, ausgezeichnet, vorzüglich, vortrefflich, ungewöhnlich :[2] ruhmreich, ehrenvoll 
861	difficilis	wiktionary-ok	schwierig	:[1] schwer, schwierig, mühsam, beschwerlich :[2] schwer, schwierig, eigenwillig, empfindlich, unleidlich 
862	gladius	wiktionary-ok	Schwert	:[1] Waffe, bestehend aus einer scharfen Klinge und Griff, römisches Kurzschwert; Schwert :[2] Schwertfisch (Xiphias gladius) 
863	cibus	wiktionary-ok	Speise; Nahrung	:[1] Speise, Nahrung; bei Tieren: Futter 
864	certāre	wiktionary-ok	kämpfen; wetteifern	:[1] wetteifern :[2] kämpfen :[3] streiten :[4] verhandeln :[5] sich eifrig bemühen, eifrig streben 
865	initium	wiktionary-ok	Anfang; Beginn	:[1] Tatsache oder Ereignis, dass etwas anfängt; Anfang, Beginn :[2] Ort, an dem etwas beginnt; Anfang, Beginn :[3] Anfangsgründe einer Wissenschaft :[4] Grundstoffe, Elemente 
866	pertinēre	wiktionary-ok	sich erstrecken; betreffen; gehören zu	:[1] eine räumliche Ausdehnung haben; sich erstrecken, sich ausdehnen, reichen :[2] etwas zum Ziel haben; zu etwas dienen, zu etwas führen 
867	quattuor	wiktionary-ok	vier	:[1] vier, 4 
868	turbāre	wiktionary-ok	verwirren; stören; in Unordnung bringen	:[1] verwirren :[2] beunruhigen :[3] trüben :[4] stören 
869	cōnsūmere	georges-ok	verbrauchen; verwenden; verzehren	[1583] cōn-sūmo , sūmpsī, sūmptum, ere, I) verwendend, verbrauchend wegnehmen, A) benutzend = verwenden, aufwenden, a) m. Ang. wohin? = wozu? wofür? durch Adv. od. durch in u. Akk., gew. mater. Objj., non debuit is, qui dabat (verst. pecuniam), quo ille, qui accipiebat, consumeret, quaerere, Cic.: c. eam pecuniam in monumentum, ICt.: c. omne id aurum in ludos, Liv.: c. in id opus ingentem pecuniam
870	corrumpere	wiktionary-ok	verderben; bestechen; zerstören	:[1] physisch stark beschädigen; vernichten, verderben, zugrunde richten, zerstören :[2] ungenießbar machen; verderben 
871	incidere	unbelegt	hineinfallen; geraten in; sich ereignen	
872	paulum	unbelegt	ein wenig	
873	hospes	georges-ok	Gast; Gastfreund; Fremder	[3085] hospes , pitis, m., selten f. (aus *hosti- potis, der Gastherr), I) subst.: A) der Fremde, Fremdling, der sich eine Zeitlang irgendwo aufhält als Gast, u. insofern er mit dem Wirt in Gastfreundschaft steht = der Gastfreund, Komik., Cic. u.a. – m. Ang. woher? hospes Zacyntho, Plaut. [3085] merc. 940 G. – in der Anrede an einen uns fremden Menschen, salve hospes! grüß Gott, guter Freund! Flor
874	rīdēre	wiktionary-ok	lachen; auslachen	:[1] nur unpersönliches Passiv: lachen, lächeln :[2] heiter aussehen, strahlen :[3] belachen, verlachen 
875	aevum	wiktionary-ok	Zeit; Lebenszeit; Zeitalter	:[1] Ewigkeit, ewige Zeit :[2] Unvergänglichkeit, Unsterblichkeit :[3] Lebenszeit Lebensdauer, Leben :[4] Lebensalter, Lebensstufe, Leben :[5] hohes Alter :[6] Zeitalter :[7] Zeit 
876	audāx	wiktionary-ok	kühn; frech	:[1] keine Angst habend; mutig, kühn :[2] tollkühn, dreist, frech, vermessen, verwegen 
877	posterus	georges-ok	folgend; später	[1803] posterus , a, um, Compar. posterior, Superl. postrēmus u. postumus (v. post), I) Posit. = nachfolgend, kommend, 1) eig.: postero die, am folgenden Tage, Cic.: u. postero die, quam illa erant acta, den Tag danach, als usw., Cic.: posterā nocte, Nep.: postero anno, Cic.: postero tempore, in der Folgezeit, in der Folge, Nep.: p. laus, bei den Nachkommen, Hor.: postero (sc. die), Tac. u. Curt.:
878	praetor	georges-ok	Prätor	[1898] praetor , ōris, m. (st. praeitor v. praeeo), eig., einer, der vorangeht, also übh. der Anführer, der Vorgesetzte; dah. I) im Zivilstande, der Prätor, vom Stadtoberhaupte in Kapua, Cic. de lege agr. 2, 92 sq.: von den Suffeten Karthagos, Nep. Hann. 7, 4: vom Konsul Roms als oberstem Richter, Liv. 3, 55, 12, auch praetor maximus genannt, Liv. 7, 3, 5. – Als die Plebejer in Rom den Anteil am K
879	rūs	georges-ok	Land; Landgut	[2431] rūs , rūris, n. ( aus *revos, avestisch ravah- aus ravas Feld, gotisch rūm, nhd. Raum), das Land, im Gegensatz zur Stadt, Feld, Besitzung, Landgut, I) eig.: rus suburbanum, Tac.: habes rus amoenum, Cic.: ex meo propinquo rure hoc capio commodi, Ter.: rura peragrantes, Cic.: rura colere, Plin.: rura colentes, die Landbebauer, Hirt. b. G.: rura exercere bubus, Hor.: vel in urbibus vel in ruri
880	differre	wiktionary-ok	sich unterscheiden; aufschieben; verbreiten	:[1] in unterschiedliche Richtungen tragen; auseinandertragen, verbreiten :[2] verschieden sein, sich unterscheiden 
881	vītāre	georges-ok	meiden; vermeiden	[3525] vīto , āvī, ātum, āre, meiden, vermeiden, aus dem Wege gehen, ausweichen, zu entgehen suchen (Ggstz. petere), I) eig.: tela, Caes.: hastas, Ov.: eum locum, Caes.: aequora, Hor.: aspectum od. oculos hominum, Cic. – II) übtr.: A) meiden, vermeiden, a) m. Acc.: stultitiam, Cic.: omnes suspiciones, Caes.: insidias, Phaedr.: se ipsum vitare, sich selbst meiden, mit sich selbst unzufrieden sein, 
882	prīvātus	wiktionary-ok	privat; persönlich	:[1] privat, persönlich, eigen, einer einzelnen Person gehörig :[2] ohne öffentliches Amt lebend, als Privatmann lebend :[3] nicht kaiserlich, nicht fürstlich, gewöhnlich 
883	servīre	wiktionary-ok	dienen; Sklave sein	:[1] dienen, bedienen :[2] Sklave sein :[3] jemandem gefällig sein :[4] auf etwas hinarbeiten oder bedacht sein 
884	verērī	wiktionary-ok	fürchten; verehren	:[1] transitiv: Furcht haben, sich fürchten, befürchten :[2] transitiv: sich scheuen, sich fürchten, Bedenken haben :[3] transitiv: Ehrfurcht und Achtung haben, verehren, achten, berücksichtigen 
885	ingredī	georges-ok	betreten; hineingehen; beginnen	[266] in-gredior , gressus sum, gredī (in u. gradior), I) intr.: A) hinein - od. hinschreiten, -gehe n, a) eig., v. Pers., in navem, in templum, in fundum, Cic.: intra finem eius loci, Cic.: intra munitiones, Caes.: ad deos penates (= in die Heimat), Iustin.: castris, Verg.: in vitam, Cic. – v. Lebl., sinus (Meerbusen) modice in litora ingreditur, Mela 2, 3, 1 (2. § 35). – b) übtr., auf etw. einge
886	addūcere	wiktionary-ok	heranführen; veranlassen	:[1] jemanden an einen bestimmten Ort führen; herbeiführen, hinführen, herbeibringen, hinbringen, mitbringen, begleiten :[2] etwas an etwas führen; heranführen :[3] zu einer Tätigkeit oder Gefühlslage bewegen; bringen, veranlassen, antreiben 
887	hortārī	wiktionary-ok	ermahnen; ermuntern; auffordern	:[1] ermuntern, ermahnen, antreiben 
888	reus	geprueft-gleich	Angeklagter	WIKT: :[1] der Angeklagte, der Verklagte :[2] die Gegner, die Parteien || GEORGES: [2373] reus , ī, m. u. rea , ae, f. ( zu rēs = Prozeß), I) der oder die in Anklagestand versetzt-, der verklagt ist, der Verklagte, die Verklagte, wobei die Angabe der Klage im Genet. steht (Ggstz. accusator, quaesitor, iudex), seltener mit de u. Abl., reus ad populum (vor den Tributkomitien), Liv. 2, 53, 3: reus pa
889	scīlicet	georges-ok	natürlich; selbstverständlich; freilich	[2528] scīlicet , Adv. (aus scire u. licet, nach Madvig Cic. de fin. 5, 3. p. 618 [608] unmittelbar vom Stamme des Verbums scire), I) vernimm nur! man höre oder denke nur! um die Aufmerksamkeit auf etwas Seltsames, Wunderbares zu lenken, rogat et prece cogit, scilicet ut tibi se laudare et tradere coner etc., Hor. ep. 1, 9, 3: ter sunt conati imponere Pelio Ossam scilicet atque Ossae frondosum inv
890	comparāre	wiktionary-ok	vorbereiten; beschaffen; vergleichen	:[1] bereit machen; anschaffen, verschaffen, bereiten, vorbereiten :[1] in ein gleiches Verhältnis bringen; gleichstellen :[2] im Verhältnis bewerten; vergleichen 
891	perpetuus	wiktionary-teilweise	ununterbrochen; ewig; dauernd	:[1] durchgehend, andauernd 
892	dēsīderāre	georges-teilweise	ersehnen; vermissen; verlangen	[2082] dē-sīdero , āvī, ātum, āre (über die Etymol. s. Thurneysen in Wölfflins Archiv 14, 180 ff.; eig. sich eifrig nach etwas umsehen, dah.), nach etwas Abwesendem verlangen, es begehren, sich nach etwas sehnen, es wünschen, I) im allg.: a) v. Pers.: alqm, Plaut. u. Ter.: alqd, Cic.: alqd ab alqo, Cic. u.a.: alqd in alqo, Cic., Caes.u.a. – m. folg. Infin. od. Acc. u. Infin., mihi dari haud deside
893	celebrāre	georges-ok	feiern; zahlreich besuchen; preisen	[1059] celebro , āvī, ātum, āre (celeber), 1) zahlreich oder oft besuchen, -betreten, durch zahlreichen Besuch beleben, a) eine Örtlichkeit oder Person u. dgl., domum alcis, Cic.: vestibulum, Cic.: templa, Plin. ep.: viam, Cic.: senectutem alcis celebrare et ornare, Cic.: similis et frequentia et plausus me usque ad Capitolium celebravit, begleitete mich aufs K., Cic.: in urbe clandestini coetus c
894	cōnficere	wiktionary-ok	vollenden; erledigen; erschöpfen	:[1] transitiv: etwas machen, etwas durchführen, etwas vollziehen, etwas vollenden :[2] transitiv: (eine Aufgabe) ausführen :[3] transitiv: (ein Fest) durchführen, feiern, begehen :[4] transitiv: herstellen, anfertigen, machen, produzieren 
895	intendere	georges-ok	anspannen; richten auf; beabsichtigen	[349] in-tendo , tendī, tentum, ere, I) hin- (entgegen-), herstrecken, hinrichten, -wenden, wohin strecken, spannen, lenken, richten, wenden, 1) eig.: a) übh.: brachia, Ov.: manum, [349] Tac., palmas, Ov.: dextram ad statuam, Cic.: aciem acrem in omnes partes, Verg.: oculos in vultum legentis, Iustin.: brachia remis, die R. ergreifen, Verg.: manus verberibus ultro, entgegenstrecken, Tac. – b) wohi
896	iūrāre	wiktionary-ok	schwören	:[1] schwören 
897	sōlum	wiktionary-ok	nur	:[1] Grundlage, Boden :[2] Gastronomie: ausgerollter Teig :[3] Geografie: Bett :[4] Unterseite, Boden :[5] Unterseite eines Fußes; Sohle, Fußsohle :[6] Unterseite eines Schuhs; Sohle, Schuhsohle :[7] Fußboden, Boden :[8] Bauplatz, Baugrund :[9] meist Landwirtschaft: Erdboden, Erde :[10] Land, Gegend :[11] Erdoberfläche :[12] poetisch, übertragen: Wasseroberfläche, Meeresoberfläche :[1] allein, blo
898	auctōritās	wiktionary-ok	Ansehen; Einfluss; Macht	:[1] das Bestandhaben oder das Bestandgeben: ::die Gültigkeit (in Hinsicht auf einen Besitz) ::die Gültigkeit einer Behauptung, die Beglaubigung, die Gewähr, die Verbürgung ::das Ansehen, das Gewicht, die Autorität :[2] die Förderung eines Entschlusses, Vorschlages oder einer Handlung ::die Mitwirkung, die Zustimmung, der fördernde Einfluss, der Rat, die Aufmunterung :[3] die geltend gemachte Will
899	iacere	georges-ok	werfen	[4] iacio , iēcī, iactum, ere (zu griech. ιημι = *ji-jemi), werfen, I) übh. werfen, A) eig.: 1) im allg.: rem in manus, Lucr.: lapides in murum, Caes.: totas arbores in altum, Curt.: fulmen in terras, in mare, Lucr. u. Cic.: lapides post terga, Ov.: armorum magnam multitudinem de muro in fossam, Caes.: faces atque aridam materiem de muro in aggerem eminus, Caes.: in alqm scyphum de manu, Cic.: alq
900	labōrāre	wiktionary-ok	arbeiten; sich anstrengen; leiden	:[1] arbeiten, sich bemühen, sich abmühen :[2] leiden, bedrängt sein, in Not sein :[3] etwas bearbeiten, etwas verfertigen 
901	liber	wiktionary-ok	Buch	:[1] Bast, Rinde :[2] metonymisch: Buch (Ursprünglich wurde auf Bast geschrieben.) :[1] frei, ungebunden :[2] freimütig :[3] ausgelassen, zügellos :[4] frei von Abgaben, Schulden :[5] politisch unabhängig :[1] der Freie, ein bürgerlich freier Mensch :[2] der Freie, ein von Fesseln freier (befreiter) Mensch :[3] nur Plural, nachklassisch auch Singular: die Freien im Hause: die Kinder, siehe 
902	lūna	wiktionary-ok	Mond	:[1] Mond :[2] Monat :[3] die Mondphasen 
903	prōtinus	georges-ok	sofort; weiter	[2039] prōtinus , Adv., s. prō-tenus. Quelle: Karl Ernst Georges: Ausführliches lateinisch-deutsches Handwörterbuch. Hannover 8 1918 (Nachdruck Darmstadt 1998), Band 2, Sp. 2039. Permalink: http://www.zeno.org/nid/20002594897 Lizenz: Gemeinfrei Faksimiles: 2039 Kategorien: Wörterbuch ZenoServer 4.030.014 Nutzungsbedingungen Datenschutzerklärung Impressum [2036] prō-tenus u. prōtinus , Adv. (vgl. ü
904	aequē	wiktionary-ok	ebenso; gleich	:[1] gerade, eben, flach, waagerecht, horizontal :[2] in derselben Proportion; gleichmäßig :[3] in demselben Ausmaß; gleich, ebenso :[4] übertragen: gerecht, gerechterweise, billig, billigerweise 
905	cōnārī	wiktionary-ok	versuchen	:[1] sich Mühe geben; sich anstrengen :[2] zu tun beginnen; versuchen, unternehmen 
906	cupīdō	georges-ok	Begierde; Verlangen	[1814] cupīdo , inis, f., selten u. nur bei Dichtern, zB. Plaut. Amph. 840 u. Hor. ep. 1, 1, 33, m. (cupio), das Begehren, die Begierde, im üblen Sinne = die Sucht, der Hang, die Leidenschaft, I) im allg.: animus cupidine caecus, Sall.: c. immodica, Liv.: ingens, Sall.: cupidines pravae, Sall.: accensis egestate longā cupidinibus, Tac. – m. subj. Genet., c. animi, Sall.: c. avaritiae, Aur. Vict.: 
907	ferē	wiktionary-ok	fast; ungefähr; meistens	:[1] nicht genau; beinahe, fast, ungefähr 
908	īnsula	wiktionary-ok	Insel; Wohnblock	:[1] die Insel :[2] diverse römische Toponyme ::[2.1] ein Stadtteil von Syrakus, der durch einen schmalen Meeresarm von der übrigen Stadt getrennt war ::[2.2] die Tiberinsel in der Nähe des Capitols in Rom :[3] übertragen: das Miethaus, der Häuserblock 
909	fīlius	wiktionary-ok	Sohn	:[1] männlicher Nachkomme: Sohn :[2] im Plural (auch): die Kinder 
910	nārrāre	wiktionary-ok	erzählen	:[1] transitiv: berichten, erzählen, schildern 
911	necessitās	wiktionary-ok	Notwendigkeit; Not	:[1] Notwendigkeit, Unvermeidlichkeit :[2] Verhängnis, Schicksal :[3] Notlage, Bedrängis, Zwang :[4] Notdurft :[5] Not, Mangel, Armut :[6] (dringende) Erfordernisse, (notwendige) Ausgaben :[7] Verbindung, verbindende Kraft :[8] enge Verbindung, gute Verhältnis :[9] Verbindlichkeit 
912	ēgredī	georges-ok	herausgehen; verlassen	[2367] ē-gredior , gressus sum, gredī (ex u. gradior), I) intr.: A) herausgehen, 1) eig.: a) übh.: inde, Varro LL. u. Liv.: unde, Ter. u. Caes.: hinc, Plaut.: foras, Plaut.: intus, Plaut. – ex urbe, Cic.: ab urbe, Suet.: u. bl. urbe, Vell.: ex cubiculo, Cic.: u. bl. cubiculo, Tac.: ex (e) convivio, Liv. u. Suet., u. bl. convivio, Curt.: de cavernis (ihren Löchern), v. Mäusen, Vulg.: posticā domo c
913	poēta	wiktionary-ok	Dichter	:[1] Person, die etwas erschafft; Verfertiger, Schöpfer, Erfinder :[2] Literatur: Dichter, Poet 
914	decem	wiktionary-ok	zehn	:[1] Kardinalzahl: zehn, 10 
915	amplus	wiktionary-ok	weit; groß; ansehnlich; bedeutend	:[1] von der Größe: weit, geräumig :[2] übertragen: bedeutend 
916	aptus	wiktionary-ok	geeignet; passend	:[1] angefügt, verknüpft, abhängend, entspringend :[2] passend, geeignet, tauglich 
917	cōnsequī	wiktionary-ok	erreichen; einholen; folgen	:[1] transitiv: hinter jemandem gehen oder kommen; folgen, nachfolgen, nachgehen, nachkommen :[2] transitiv: feindlich hinter jemandem gehen; verfolgen, nachfolgen, nachsetzen :[3] transitiv: jemandem folgen und ihn fassen; einholen, ereilen, erreichen :[4] transitiv: zeitlich einholen, nachholen :[5] transitiv, auch absolut: zeitlich folgen, nachher eintreten :[6] transitiv, auch absolut: die Fol
918	frequēns	wiktionary-ok	häufig; zahlreich	:[1] in der Zahl: zahlreich, in großer Zahl (versammelt), häufig :[2] von einem Ort oder einer Veranstaltung: ::[2a] dicht bevölkert, viel besucht ::[2b] gedrängt voll, dicht besetzt :[3] zeitlich: häufig, wiederholt :[4] aktiv, von Personen: an einem Ort häufig anzutreffen :[5] passiv: häufig stattfindend 
919	nūntius	wiktionary-ok	Bote; Nachricht	:[1] Person, die eine Information weitergibt; Verkünder, Melder, Bote :[2] Information, die jemand weitergibt; Botschaft, Nachricht, Meldung 
920	condiciō	georges-ok	Bedingung; Lage	[1419] condicio , ōnis f. (condīco), A) im weitern Sinne = die Bestimmung einer Pers. od. Sache = die Stellung, der Stand, die Lage, das Los, der Beruf, die Aufgabe, das Verhältnis, die Beschaffenheit, der Zustand, sofern sie von Natur, durch Geburt, Staatsverfassung, Umstände gegeben sind, humana, Cic.: mortalis, Cic.: communis, Hor.: incerta, Suet.: homines miserrimae condicionis, Vell.: c. serv
921	convīvium	georges-ok	Gastmahl; Gelage	[1673] convīvium , iī, n. (con u. vivo), das gesellige Zusammenleben = die Gesellschaft geladener Gäste (convivae), gew. mit einem gemeinsamen Mahle (cena, epulae) verbunden, die Tischgesellschaft, das Gastmahl, der Schmaus, I) eig.: circuli conviviaque, convivia et circuli, Liv. (s. Drak. Liv. 34, 61, 4): convivia, comissationes, cantus, symphoniae, Cic.: c. et comissationes, convivia comissation
922	foedus	wiktionary-teilweise	hässlich; scheußlich; schändlich	:[1] widrig, ekelhaft, scheußlich :[1] Bündnis, Bundesvertrag, Friedensvertrag :[2] Verbindung, Bund, Übereinkunft, Vertrag (zwischen Einzelpersonen) :[3] Gesetz, Anordnung 
923	fruī	georges-ok	genießen	[2856] fruor , fruitus u. frūctus sum, fruī (aus *frūgvor bezw. frūvor, gotisch brūkjan, ahd. brūhhan, brauchen), von etw. Genuß haben, I) an etwas sich laben od. erfreuen, an etwas Behagen od. Befriedigung finden u. in diesem Sinne = etw. genießen (also engerer Begriff als uti [von etw. Gebrauch machen, es gebrauchen, benutzen] u. oft im Ggstz. zu diesem), α) m. Abl.: bonis suis uti et frui, Cic.
924	num	wiktionary-ok	etwa?; ob	:[1] in direkten Fragen: etwa 
925	albus	wiktionary-ok	weiß	:[1] glanzlos weiß :[2] weiß :[3] unreif, grün :[4] blass, bleich (vor Angst, Schrecken oder Sorge) :[5] hell :[6] heiterstimmend, günstig, gut 
926	damnum	wiktionary-ok	Schaden; Verlust	:[1] Schaden, Verlust, Einbuße, Nachteil :[2] Aufwand, Opfer :[3] Niederlage, Schlappe :[4] Buße, Geldbuße, Strafe 
927	frūctus	wiktionary-teilweise	Frucht; Ertrag; Nutzen	:[1] Genuss, Nutzung, Nutznießung :[2] Vorteil, Ertrag, Einkünfte, Früchte :[3] Lohn, Gewinn, Erfolg 
928	cēnsēre	wiktionary-ok	meinen; einschätzen; beschließen	:[1] eine bedachte Meinung haben oder äußern; der Meinung sein, der Ansicht sein, meinen, glauben, dafürhalten :[2] häufig fälschlich annehmen; glauben, meinen, sich einbilden :[3] seine Meinung als Ratschlag äußern; für zweckmäßig erachten, anraten, raten 
929	prōdere	georges-ok	verraten; überliefern	[1954] prō-do , didī, ditum, ere, I) hervorgeben, [1954] – bringen, -tun, A) im allg.: anima extra prodita, Lucr.: pr. alto suspiria pectore, Ov.: pr. fumoso condita vina cado, Ov.: Medusae squalentia prodidit ora, zeigte, Ov. – B) insbes.: 1) zur Welt bringen, hervorbringen, parvā prodite patriā, Acc. tr. fr.: ex eadem domo et gente proditi, ICt. – übtr., vom Boden, aus sich hervorsprießen lassen
930	prōpōnere	georges-ok	vorlegen; vorschlagen; in Aussicht stellen	[2012] pro-pōno , posuī, positum, ere, I) vor die Augen anderer öffentlich hinstellen, -legen, -setzen, -hängen, -heften, vorlegen, aufstellen, auslegen, A) eig.: 1) im allg.: vexillum, Caes.: so auch signum pugnae, Liv.: alqd venale, etwas zum Verkaufe, Cic. u. Suet. (vgl. no. 1, 2): praemium, s. praemiumno. II, A: geminum pugnae proponit honorem, Verg. Aen. 5, 365: mensas palam, Cic.: edictum, ö
931	īnstituere	georges-ok	einrichten; beginnen; unterrichten	[327] īn-stituo , tuī, tūtum, ere (in u. statuo), I) hinein-, hinstellen, -setzen, A) eig.: vestigia [327] nuda sinistri pedis, Verg.: arborem, Suet.: olera nostris manibus, Aur. Vict. – B) übtt.: 1) im allg.: argumenta in pectus multa, viele Betrachtungen (über sie) im Herzen anstellen, Plaut. most. 86: alqm in animum, an jmd. sein Herz hängen, Ter. adelph. 38: animum ad cogitandum, sich zum Denk
932	item	wiktionary-ok	ebenso; gleichfalls	:[1] auf dieselbe Weise; ebenso, ebenfalls, desgleichen :[2] in Korrelation mit ut, quemadmodum, quasi: ebenso, auf gleiche Weise :[3] meinerseits, seinerseits, ihrerseits, im Gegenzug :[4] additiv: und ebensfalls, und auch, sowie auch, desgleichen, gleichermaßen 
933	magister	wiktionary-ok	Lehrer; Meister; Leiter	:[1] Meister, Vorsteher, der Vorgesetzte, Leiter, Aufseher, Anführer :[2] Lehrer, Lehrmeister 
934	stella	wiktionary-ok	Stern	:[1] Stern 
935	ēdūcere	unbelegt	herausführen	
936	frūmentum	wiktionary-ok	Getreide	:[1] Getreide :[2] Weizen 
937	suscipere	georges-ok	auf sich nehmen; unternehmen	[2973] suscipio , cēpi, ceptum, ere (sus u. capio), auf od. über sich nehmen, I) als Träger, A) eig., tragen, stützen, aufrecht erhalten, fulturae, quibus theatrum suscipitur, Plin. ep.: lapideae moles, quibus porticus et capacia populorum tecta suscipimus, Sen. – B) übtr.: 1) stützen, verteidigen, sich einer Pers. od. Sache annehmen, famam defuncti, Plin. ep.: alqm, Vatin. in Cic. ep.: reum, Quin
938	quasi	wiktionary-ok	gleichsam; als ob; wie	:[1] nach vorhergehendem Komparativ: als wenn :[2] vergleichend: gleichwie, gleichsam, wie wenn, wie :[3] kausal: als wenn, weil angeblich 
939	sacerdōs	wiktionary-ok	Priester; Priesterin	:[1] der Priester; die Priesterin 
940	vīcīnus	wiktionary-ok	benachbart	:[1] in der Nähe lebend; benachbart :[2] zu einem Nachbar gehörend; Nachbars- :[3] sich in der Nähe befindend; nahe, zur Hand :[4] kurz bevorstehend; nahe :[5] in der Art und/oder Beschaffenheit nahe; nahekommend, ähnlich, vergleichbar :[1] Person, die in der Nähe wohnt; Nachbar 
941	cavēre	wiktionary-ok	sich hüten; sich in Acht nehmen	:[1] sich hüten, sich vorsehen, sich in Acht nehmen :[2] sichern, sicherstellen, Vorsichtsmaßnahmen treffen :[3] etwas auf keinen Fall tun; ja nicht 
942	ēligere	georges-ok	auswählen	[2385] ē-ligo , lēgī, lēctum, ere (ex u. lego, ere), heraus-, weg-, ablesen, I) eig.: 1) im allg.: pedes e capite pullorum, Varro r. r. 3, 9, 14. – 2) insbes., ausraufen, -jäten, herausziehen, herbas, Varro r. r. 1, 47: steriles herbas, Curt. 4, 1 (4), 21: gramina manu, Col. 4, 5. – im Bilde, illas fibras stirpium omnes eligere, Cic. Tusc. 3, 84: superstitionis stirpes omnes eligere, Cic. de div. 
943	familia	wiktionary-teilweise	Hausgemeinschaft; Familie; Dienerschaft	:[1] das Haus, der Hausstand (mit Sklaven) :[2] das Geschlecht, die Familie :[3] die Dienerschaft 
944	paene	wiktionary-ok	fast; beinahe	:[1] beinahe, fast, so gut wie, sozusagen :[2] gänzlich, ganz und gar, förmlich 
945	praecipere	georges-ok	vorschreiben; lehren; anweisen	[1827] prae-cipio , cēpī, ceptum, ere (prae u. capio), vorher-vorausnehmen, -bekommen, I) eig.: A) im allg.: aquam, Lucr.: pecuniam mutuam, im voraus borgen, Caes.: iter, einen Vorsprung gewinnen, Liv.: u. so iter festinando, Curt.: so auch longius spatium fugā, Liv.: bellum, vorher anfangen, Tac.: mons a Lusitanis praeceptus, vorher besetzt, Sall. fr.: si lac praeceperit aestus, wenn die Hitze di
946	sānus	wiktionary-ok	gesund; vernünftig	:[1] gesund, heil :[2] unverdorben, heil, in guter Beschaffenheit :[3] unverdorben, richtig, vernünftig, besonnen, gescheit :[4] nüchtern, besonnen, maßvoll 
947	potis	wiktionary-ok	mächtig; fähig; möglich	:[1] vermögend, mächtig 
948	prīncipium	wiktionary-ok	Anfang; Ursprung	:[1] Anfang, Beginn, Ursprung :[2] Grund, Grundlage :[3] Element, Grundstoff :[4] der erste Teil oder Abschnitt; Anfang, Einleitung, Vorwort :[5] Prinzip 
949	sepulcrum	georges-ok	Grab	[2616] sepulcrum ( sepulchrum ), ī, n. (v. sepelio, wie fulcrum v. fulcio), die Ruhestätte, I) eig. u. übtr.: 1) eig.: a) die Grabesstätte, α) das Grab, die Gruft, monumentum sepulcri, Grabmal, Nep.: monumenta sepulchrorum, Cic.: alqm condere sepulcro, begraben, beerdigen, Verg. u. Ov.: honores sepulcri, Leichenstein, Aufschrift usw., Hor. – β) der Grabhügel, onerare membra sepulchro, Verg. Aen. 1
950	mortālis	wiktionary-ok	sterblich	:[1] dem Tode unterworfen; sterblich :[1] Sterblicher, Mensch 
951	epistula	wiktionary-ok	Brief	:[1] Brief, Schreiben :[2] Erlass 
952	inimīcus	wiktionary-ok	feindlich	:[1] feindselig, feindlich :[2] nachteilig, ungünstig :[1] Feind 
953	interrogāre	wiktionary-ok	fragen; befragen	:[1] fragen, befragen :[2] gerichtlich befragen: verhören 
954	cōnsuētūdō	georges-ok	Gewohnheit; Brauch; Umgang	[1568] cōnsuētūdo , inis, f. (consuesco), die Beigewöhnung, I) an eine Sache, die Gewöhnung, angenommene Gewohnheit, das gewohnte, herkömmliche Verfahren, das Herkommen, der Brauch (Gebrauch), die Observanz, sowohl im Privatleben als im öffentlichen Leben (vgl. mos), a) übh. (oft verb. c. et exercitatio od. exercitatioque u. c. ac mos, mos consuetudoque, c. institutumque, c. et disciplina), absol.
955	illūc	georges-ok	dorthin	[52] illūc , Adv. (ille), I) räumlich = dorthin, dahin, A) eig.: a) im allg., accede illuc, Ter.: illuc regredere ab ostio, Plaut.: adversarios illuc suos contraxisse copias, Nep.: illuc, ubi, Komik.: illuc, unde, Catull. u. Plin. ep.: huc illuc, Sall., huc atque illuc, Cic., huc et illuc, Hor., hier- u. dorthin. – b) prägn., dorthin = in jene Welt (in die Unterwelt), cum illuc ex his vinculis emi
956	dīgnitās	wiktionary-ok	Würde; Ansehen; Rang	:[1] Würdigsein :[2] Würde, Achtung, Ansehen :[3] Ehrenwürdige, Ehrenhafte, Würdevolle 
957	fugāre	unbelegt	in die Flucht schlagen; vertreiben	
958	afficere	wiktionary-ok	versehen mit; erfüllen mit; behandeln	:[1] Grundbedeutung etwa: versehen, ausstatten, erfüllen (mit etwas: mit Ablativ; vgl. unten Charakteristische Wortkombinationen) :[2] (seltener) einen Gegenstand behandeln, in einen Zustand versetzen :[3] in Bezug auf Gefühle: in eine Stimmung versetzen, stimmen :[4] beeindrucken :[5] negativ eingreifen: hart mitnehmen, schwächen 
959	adhibēre	wiktionary-ok	anwenden; hinzuziehen; heranziehen	:[1] (etwas) hinwenden, hinrichten, hinhalten :[2] (etwas) dazunehmen, hinzuziehen :[3] (etwas) anwenden, verwenden, nehmen :[4] (Personen) hinzuziehen, heranziehen :[5] behandeln 
960	caelestis	wiktionary-ok	himmlisch; göttlich	:[1] im/am/vom Himmel, himmlisch :[2] göttlich :[1] (das) Himmlische :[2] himmlische oder göttliche Dinge, himmlische oder göttliche Wesen 
961	mulier	wiktionary-ok	Frau	:[1] Frau :[2] Ehefrau 
962	dīvus	wiktionary-ok	göttlich	:[1] göttlich :[1] Religion: Gott, Gottheit 
963	arbitrārī	wiktionary-ok	meinen; glauben	:[1] transitiv: sehen, wahrnehmen, beobachten, erspähen :[2] transitiv, Recht: den Schiedsrichter machen, urteilen, entscheiden :[3] transitiv, übertragen: erachten, ermessen :[4] transitiv: der Meinung sein, glauben, meinen 
964	posteā	georges-ok	später; nachher	[1802] post-eā , Adv. ( aus post u. dem Abl. ea), hernach, später, in der Folge, I) eig., v. der Zeit, Cic. u.a.: aut statim aut postea, Suet.: postea loci, Sall.: m. folg. quam = nachdem, s. posteā-quam, Cic. – p. aliquanto, Cic.: p. multo, Plin.: brevi p., Cic.: tum p., Gell.: deinde p. u. p. deinde, s. de-indeno. b, β: p. deinceps, Liv. 45, 14, 2. – quid postea? quid tum postea? was nachher? wa
965	aedēs	wiktionary-ok	Tempel	:[1] selten: Zimmer, Gemach, Raum :[2] nur im Plural: ein aus [1] bestehendes Gebäude; Haus, Wohnhaus, Wohnung :[3] selten, nur im Plural: Personen, die in [2] wohnen; Haus :[4] selten, nur im Plural: Bienenstock, Stock :[5] Religion: Haus einer Gottheit; Gotteshaus, Tempel 
966	fābula	wiktionary-ok	Geschichte; Erzählung; Theaterstück	:[1] das Gerede, das Gespräch :[2] die Dichtung, die Erzählung, die Geschichte, das Märchen, die Fabel :[3] der Stoff, das Thema, das Sujet :[4] Theaterstück, Stück 
967	celeriter	georges-ok	schnell	[1062] celeriter , Adv. m. Compar. u. Superl. (celer), schnell, librum tibi c. mittam, Cic.: bis dat qui dat celeriter, Syri sent. – cum celerius omnium opinione venisset, Caes.: omnium spe celerius Saguntum oppugnari allatum est, Liv.: eo celerius de isto transigamus, quo maturius ad Apronium possimus accedere, Cic. – mens celerrime multa simul cogitans, Cic. Quelle: Karl Ernst Georges: Ausführli
968	plērīque	georges-ok	die meisten; sehr viele	[1739] plērīque , plēraeque etc., s. plērusque. Quelle: Karl Ernst Georges: Ausführliches lateinisch-deutsches Handwörterbuch. Hannover 8 1918 (Nachdruck Darmstadt 1998), Band 2, Sp. 1739. Permalink: http://www.zeno.org/nid/20002570327 Lizenz: Gemeinfrei Faksimiles: 1739 Kategorien: Wörterbuch ZenoServer 4.030.014 Nutzungsbedingungen Datenschutzerklärung Impressum [1739] plērusque , raque, rumque,
969	quiēscere	georges-ok	ruhen; sich ausruhen; schlafen	[2159] quiēsco , ēvī, ētūrus, ere (quies), ruhen, I) im allg., ruhen, ausruhen von der Arbeit, von Geschäften, Mühen, a) v. leb. Wesen: ipse dux (gruum) revolat, ut ipse quoque quiescat, Cic.: et quiescenti agendum et agenti quiescendum est, Sen. – b) übtr., v. Lebl.: ager, qui multos annos quievit, brach gelegen hat, Cic.: prato gravia arma quiescunt, Verg.: lorica et ensis quiescunt tellure, lie
970	quotiēns	wiktionary-ok	wie oft; sooft	:[1] interrogativ: wie oft :[2] relativ in Korrelation mit totiens: wie oft, sooft 
971	scientia	wiktionary-ok	Wissen; Kenntnis	:[1] die Kunde, die Kenntnis :[2] die Wissenschaft, das Wissen 
972	cōnfitērī	georges-ok	gestehen; bekennen	[1452] cōn-fiteor , fessus sum, ērī (con u. fateor), eingestehen, zugestehen, gestehen (Ggstz. infitiari), I) eig.: 1) im allg.: ignosce, orat confitetur purgat, Ter.: hic ego non solum confiteor, sed etiam profiteor, Cic. fr.: tacendo loqui, non infitiando confiteri videbantur, Cic.: reus confitens (der geständige), Cic.: confessae manus, die sich durch ihre bittende Haltung für überwunden erklär
973	dīligere	wiktionary-ok	lieben; hochschätzen	:[1] zerteilen, auseinander nehmen :[2] (Soldaten) ausheben, auswählen :[3] hochachten, schätzen, wert halten, lieben 
974	plērumque	georges-ok	meistens	[1739] plērumque , Subst. u. Adv., s. plērusque. Quelle: Karl Ernst Georges: Ausführliches lateinisch-deutsches Handwörterbuch. Hannover 8 1918 (Nachdruck Darmstadt 1998), Band 2, Sp. 1739. Permalink: http://www.zeno.org/nid/20002570351 Lizenz: Gemeinfrei Faksimiles: 1739 Kategorien: Wörterbuch ZenoServer 4.030.014 Nutzungsbedingungen Datenschutzerklärung Impressum [1739] plērusque , raque, rumque
975	dormīre	georges-ok	schlafen	[2290] dormio , īvī od. iī, ītum, īre (altind. dr ti, schläft, griech.-homer. εδραδον, schlief), schlafen, I) eig.: A) im allg. (Ggstz. vigilare), ire dormitum, Komik. u.a.: dormitum abire, Plaut., vadere, Ps. Apul. herb. u. Marc. Emp.: se dormitum conferre, Cic.: ad dormiendum proficisci, Cic.: dormitum dimitti, Hor.: dormientem excitare, Cic.: d. sub divo noctu, Cels.: in centunculo (v. Sklaven)
976	volucris	wiktionary-ok	Vogel	:[1] Vogel :[2] geflügeltes Insekt : 
977	volucer	wiktionary-ok	fliegend; geflügelt; schnell	:[1] fliegend, geflügelt :[2] flüchtig, eilend, schnell :[3] flüchtig, vergänglich, unbeständig : 
978	creāre	wiktionary-teilweise	erschaffen; wählen	:[1] hervorbringen, (er-) schaffen :[2] zeugen, gebären :[3] (er-) wählen, ernennen :[4] schaffen, ins Leben rufen :[5] verursachen, bewirken 
979	fidēlis	georges-ok	treu; zuverlässig	[2749] fidēlis , e (fidēs, eī), der Treue beweist, Treue hält, dem man also trauen kann, getreu, ehrlich, zuverlässig, verlässig, I) v. Pers.u. deren Gesinnung: amicus, amicitia, animus, Cic.: mens, Tibull.: canis, Hor. – amicus fidelior, Liv.: socii fideliores, Cic. – fidelissima coniunx, Cic.: de servis suis quem habuit fidelissimum, Nep. – alci od. in alqm, Cic.: in amicitiis, Cic. – subst., fi
980	indicāre	unbelegt	anzeigen; melden; verraten	
981	hodiē	wiktionary-ok	heute	:[1] heute, an diesem Tag, am heutigen Tag :[2] heutzutage, gegenwärtig 
982	disciplīna	wiktionary-ok	Lehre; Unterricht; Zucht; Ordnung	:[1] Lehre, Unterricht, Unterweisung :[2] Bildung, Fertigkeit, Kunst, System, Verfahren :[3] philosophische Schule :[4] Wissenschaft, wissenschaftliches Fach :[5] Erziehung, Disziplin :[6] militärische Disziplin :[7] Sitte, Gewohnheit :[8] Staatsverfassung 
983	vērē	georges-ok	wahrhaft; wirklich	[3419] vērē , Adv. (verus), I) der Wahrheit gemäß, in der Tat, in Wahrheit, wahrhaftig, richtig, dicere, Cic.: ne libentius haec in ullum evomere videar quam verius, Cic.: Ligures latrones verius quam iusti hostes, eigentlich mehr R. als ordentliche F., Liv.: non ὑπερβολικῶς, sed verissime loqui, Cic.: verissime iudicare, Nep. – II) übtr.: a) nach richtigen Grundsätzen, vernünftig, vivere, Ter. he
984	aegrē	wiktionary-ok	mit Mühe; ungern; kaum	:[1] (nur) mit Mühe, schwer, schwerlich, kaum :[2] mit Schmerz oder Missfallen; ungern, schwer, schmerzlich :[3] mit Widerwillen; widerwillig, widerstrebend, ungern :[4] Schmerz oder Missfallen verursachen; unangenehm, schmerzlich 
986	advertere	wiktionary-ok	hinwenden	:[1] hinkehren, hinrichten, hinwenden, hindrehen :[2] die Gedanken auf etwas richten, die Aufmerksamkeit richten auf :[3] wahrnehmen, bemerken, erkennen :[4] auf sich lenken, ziehen :[5] rügen, strafen 
987	advenīre	wiktionary-ok	ankommen	:[1] an einen Ort kommen; herankommen, herbeikommen, hinzukommen, ankommen :[2] herankommen, sich nähern, kommen 
988	pendere	georges-ok	wiegen; zahlen	[1549] pendo , pependī, pēnsum, ere, eig. herabhangen lassen, bes. die Wagschalen beim Wägen; dah. wägen, abwägen, I) eig.: A) im allg.: 1) eig.: unumquodque verbum staterā aurariā, Varro: pari od. aequā lance pendere, Eccl. (s. lanxno. II, 1): lana pensa, Titin. com. fr.: herbae pensae, in die Wagschale gelegte, Ov. – 2) übtr.: a) abwägen, erwägen, beurteilen, res, non verba, Cic.: consilium ex o
989	studēre	wiktionary-ok	sich bemühen um; sich beschäftigen mit	:[1] sich um etwas bemühen :[2] (jemanden) unterstützen, fördern, begünstigen :[3] studieren, sich wissenschaftlich beschäftigen 
990	ascendere	wiktionary-ok	hinaufsteigen; besteigen	:[1] intransitiv: hinaufsteigen, emporsteigen :[2] transitiv: auf etwas hinaufsteigen; besteigen, ersteigen, erklimmen, erstürmen 
991	vulgō	unbelegt	allgemein; gewöhnlich	
992	breviter	georges-ok	kurz	[864] breviter , Adv. m. Compar. u. Superl. (brevis), kurz, I) vom Raume, kurz, ipse suos breviter concretus in artus, Prop. 4, 8, 41: Compar., kürzer, curvo brevius compellere gyro, Tibull. 4, 1, 94: quo (arcu) brevius valent, Tac. ann. 6, 35: parvo brevius quam totus, Plin. 2, 168. – II) übtr., von der Kürze in der Silbenmessung u. im Ausdruck, a) v. der Silbenmessung, kurz, geschärft (Ggstz. pr
993	fors	wiktionary-ok	Zufall; Schicksal	:[1] der Zufall, das Geschick :[1] Ablativ: zufällig, von ungefähr; besonders nach si, sin, ne, nisi: vielleicht, etwa :[2] Nominativ, poetisch: vielleicht 
994	fēlīciter	georges-ok	glücklich; erfolgreich	[2712] fēlīciter , Adv. (felix), I) fruchtbar, illic veniunt felicius uvae, Verg. georg. 1, 54. – II) glücklich, glückselig, a) im allg.: vivere, navigare, Cic.: nec tua, quam Pyrrhi, felicius ossa quiescant, Ov.: bella cum finitimis felicissime multa gerere, Cic. – b) im Wunsch, Zuruf, mit Glück, zum Glück, zum Heil, vade fortiter, vade feliciter, Sen.: quod mihi feliciter ac bene vortat, Enn. an
995	revertī	unbelegt	zurückkehren	
996	ēdīcere	georges-ok	bekannt machen; anordnen	[2334] ē-dīco , dīxī, dictum, ere, ansagen, bekanntmachen, festsetzen, verordnen, I) im allg.: hoc simul, Hor.: in eam noctem certamen, Curt. – m. folg. Acc. u. Infin., Komik. u. Hor. – m. folg. indir. Fragesatz, Cic. u. Sall. – II) insbes., öffentlich (durch den Herold, durch ein Edikt usw.) bekanntmachen, zur Nachricht, zur Nachachtung, als eine Vorschrift, ansagen (ansagen lassen), ankündigen (
997	mundus	wiktionary-ok	sauber; elegant	:[1] die (sichtbare) Welt, das Weltall :[2] astronomisch: der Himmel, Himmelskörper (Kometen et cetera) :[3] die Erde, der Erdkreis :[4] poetisch: „die Welt“ im Sinne von die Menschheit, die Menschen (allgemein) :[5] Toilettenartikel; Putz der Frauen :[1] sauber, rein, reinlich :[2] fein, geschmückt, schmuck, nett 
